date,mktrf,smb,hml
2010/1/4,0.0169,0.0058,0.0112
2010/1/5,0.0031,-0.006,0.0119
2010/1/6,0.0013,-0.0024,0.0057
2010/1/7,0.004,0.0008,0.0093
2010/1/8,0.0033,0.0039,-0.0001
2010/1/11,0.0013,-0.0012,-0.0025
2010/1/12,-0.01,-0.0017,-0.0129
2010/1/13,0.0085,0.0027,0.003
2010/1/14,0.0024,0.0028,0.0007
2010/1/15,-0.0112,-0.0014,-0.0038
2010/1/19,0.0126,0.0042,-0.0018
2010/1/20,-0.0098,-0.006,0.0025
2010/1/21,-0.0174,0.0039,-0.0107
2010/1/22,-0.0214,0.0057,-0.0082
2010/1/25,0.0037,-0.0019,0.0033
2010/1/26,-0.0045,-0.0009,-0.0049
2010/1/27,0.0053,0.0023,0.0022
2010/1/28,-0.0118,-0.0068,0.0043
2010/1/29,-0.0097,-0.0004,-0.0046
2010/2/1,0.0139,-0.0021,0.0091
2010/2/2,0.0121,-0.0044,0.0061
2010/2/3,-0.0049,0.0011,-0.0035
2010/2/4,-0.0314,-0.0013,-0.0118
2010/2/5,0.0029,-0.0005,0
2010/2/8,-0.0079,0.0005,-0.0035
2010/2/9,0.0133,0.0033,0.0056
2010/2/10,-0.0017,0.0026,0.0032
2010/2/11,0.0113,0.0072,0.0003
2010/2/12,-0.0007,0.0097,0.0015
2010/2/16,0.0175,-0.003,0.0103
2010/2/17,0.0049,0.0012,0.0009
2010/2/18,0.0062,0.001,0
2010/2/19,0.0028,0.0005,0.0047
2010/2/22,-0.0005,-0.0004,0.0059
2010/2/23,-0.0124,0.0028,-0.0091
2010/2/24,0.0094,-0.0036,0.0053
2010/2/25,-0.0013,0.0023,0.0028
2010/2/26,0.0013,-0.0056,0.0039
2010/3/1,0.012,0.0121,0.0005
2010/3/2,0.0032,0.0063,0.0017
2010/3/3,0.0009,0.0016,0.0009
2010/3/4,0.0037,0.001,0.002
2010/3/5,0.0143,0.004,0.0061
2010/3/8,0.0002,0.0008,0.0029
2010/3/9,0.0021,0.0025,-0.0008
2010/3/10,0.0053,0.0005,0.007
2010/3/11,0.0043,-0.0009,-0.0009
2010/3/12,-0.0002,0.0003,-0.0026
2010/3/15,-0.0002,-0.0031,-0.0048
2010/3/16,0.0078,-0.0015,0.0056
2010/3/17,0.0057,0.0005,0.0037
2010/3/18,-0.001,-0.0015,-0.0057
2010/3/19,-0.0062,-0.006,-0.0062
2010/3/22,0.0067,0.0089,0.0001
2010/3/23,0.008,0.0035,0.0033
2010/3/24,-0.006,-0.0065,0.0081
2010/3/25,-0.0026,-0.0048,-0.0025
2010/3/26,0.0006,-0.0009,0.0027
2010/3/29,0.0059,-0.0007,0.0019
2010/3/30,0.0004,0.003,-0.0045
2010/3/31,-0.0036,-0.0052,0.0018
2010/4/1,0.0075,-0.0002,0.0078
2010/4/5,0.0095,0.0104,0.0086
2010/4/6,0.0019,0.0024,0.0046
2010/4/7,-0.0048,0.0021,0.0026
2010/4/8,0.0031,-0.0029,0.0037
2010/4/9,0.0066,-0.0013,0.0018
2010/4/12,0.0023,0.0025,0.0007
2010/4/13,0.0007,0.0015,-0.0005
2010/4/14,0.0124,0.0084,0.0144
2010/4/15,0.0011,0.0059,-0.0002
2010/4/16,-0.0153,0.0083,-0.0186
2010/4/19,0.0028,-0.0086,-0.0005
2010/4/20,0.0088,0.0065,0.0056
2010/4/21,-0.0006,0.0072,0.002
2010/4/22,0.0037,0.0081,0.005
2010/4/23,0.007,0.0034,0.0059
2010/4/26,-0.0043,0.0045,-0.0038
2010/4/27,-0.0234,0.0013,-0.0135
2010/4/28,0.0056,-0.0074,0.0069
2010/4/29,0.0134,0.0046,0.0054
2010/4/30,-0.0172,-0.0097,-0.0086
2010/5/3,0.0136,0.0064,0.0061
2010/5/4,-0.025,-0.0055,-0.0086
2010/5/5,-0.0075,-0.0073,-0.006
2010/5/6,-0.0327,-0.0025,-0.0092
2010/5/7,-0.0175,-0.0132,-0.0048
2010/5/10,0.0447,0.0094,0.0118
2010/5/11,-0.0017,0.0115,-0.0012
2010/5/12,0.0163,0.0147,0.0014
2010/5/13,-0.0112,0.0033,-0.0031
2010/5/14,-0.0192,-0.0026,-0.0078
2010/5/17,0.0011,0.0005,-0.0057
2010/5/18,-0.0141,-0.0022,-0.0097
2010/5/19,-0.0063,-0.0097,0.0005
2010/5/20,-0.0399,-0.0087,-0.0117
2010/5/21,0.0144,-0.0045,0.0156
2010/5/24,-0.0119,0.0033,-0.0091
2010/5/25,-0.0003,-0.0048,0.0056
2010/5/26,-0.0035,0.0083,0.004
2010/5/27,0.0345,0.0064,0.0159
2010/5/28,-0.0118,0.0008,-0.0065
2010/6/1,-0.0189,-0.0107,-0.0155
2010/6/2,0.0263,0.0018,0.0041
2010/6/3,0.0054,0.0069,-0.0029
2010/6/4,-0.0362,-0.0121,-0.0068
2010/6/7,-0.0152,-0.0107,-0.0102
2010/6/8,0.0091,-0.0145,0.0013
2010/6/9,-0.0046,0.0076,-0.002
2010/6/10,0.0295,0.0038,0.0088
2010/6/11,0.0062,0.0094,0.0003
2010/6/14,-0.0006,0.0065,0
2010/6/15,0.0236,0.0008,0.0088
2010/6/16,-0.0011,-0.0019,-0.0033
2010/6/17,0.0008,-0.0015,-0.0047
2010/6/18,0.0013,0,0.0026
2010/6/21,-0.0047,-0.0052,-0.0005
2010/6/22,-0.0163,-0.0034,-0.0073
2010/6/23,-0.0029,-0.0004,0.0023
2010/6/24,-0.0165,0.0012,-0.0088
2010/6/25,0.0048,0.0104,0.0108
2010/6/28,-0.0023,-0.0001,-0.0074
2010/6/29,-0.0323,-0.0065,-0.0126
2010/6/30,-0.0098,0.0004,-0.0031
2010/7/1,-0.004,-0.0031,-0.0043
2010/7/2,-0.005,-0.003,-0.0043
2010/7/6,0.0033,-0.0198,0.0011
2010/7/7,0.0317,0.0005,0.0042
2010/7/8,0.01,0.0058,-0.0003
2010/7/9,0.0081,0.0064,0.0057
2010/7/12,-0.0011,-0.0119,0.0009
2010/7/13,0.0176,0.0159,0.0062
2010/7/14,-0.0004,-0.0014,-0.008
2010/7/15,0.0002,-0.0087,-0.0012
2010/7/16,-0.0294,-0.0054,-0.0094
2010/7/19,0.0054,-0.0015,-0.0018
2010/7/20,0.0123,0.0065,0.0006
2010/7/21,-0.013,-0.0039,-0.0043
2010/7/22,0.0237,0.0123,0.0057
2010/7/23,0.0105,0.0148,-0.0028
2010/7/26,0.0123,0.0087,0.0013
2010/7/27,-0.0023,-0.0033,0.0038
2010/7/28,-0.0082,-0.0087,0.0003
2010/7/29,-0.0036,0.0029,0.0064
2010/7/30,0.0006,0.0004,-0.0022
2010/8/2,0.0209,-0.0056,0.0012
2010/8/3,-0.0056,-0.0039,-0.005
2010/8/4,0.0074,0.0044,-0.0012
2010/8/5,-0.0022,-0.0083,0.0014
2010/8/6,-0.0036,-0.0017,-0.0037
2010/8/9,0.0062,0.006,0.0007
2010/8/10,-0.0079,-0.0122,-0.0021
2010/8/11,-0.0291,-0.0107,-0.0062
2010/8/12,-0.005,-0.0006,-0.0003
2010/8/13,-0.0047,-0.008,0.002
2010/8/16,0.001,0.0093,-0.002
2010/8/17,0.0131,0.0059,-0.0025
2010/8/18,0.0021,0.0006,0.0006
2010/8/19,-0.0174,-0.0083,-0.0039
2010/8/20,-0.0028,0.0027,-0.0023
2010/8/23,-0.005,-0.0094,-0.004
2010/8/24,-0.0148,0.0014,0.0018
2010/8/25,0.0045,0.0104,-0.0001
2010/8/26,-0.0076,-0.0007,-0.0023
2010/8/27,0.0182,0.0094,0.0035
2010/8/30,-0.0154,-0.0083,-0.004
2010/8/31,0.0001,-0.0027,0.0081
2010/9/1,0.0305,0.0061,0.0045
2010/9/2,0.0097,0.0025,-0.004
2010/9/3,0.0135,0.0035,0.0023
2010/9/7,-0.0123,-0.0077,-0.0076
2010/9/8,0.0065,0.0003,0.0017
2010/9/9,0.0044,-0.005,0.0059
2010/9/10,0.0045,-0.0009,-0.0018
2010/9/13,0.013,0.0112,0.0023
2010/9/14,-0.0006,-0.0022,-0.0051
2010/9/15,0.0036,0.0011,-0.0017
2010/9/16,-0.0007,-0.0052,-0.0068
2010/9/17,0.0015,0.0062,-0.006
2010/9/20,0.016,0.0113,0.0022
2010/9/21,-0.0031,-0.003,-0.0029
2010/9/22,-0.0052,-0.0054,-0.0058
2010/9/23,-0.0078,-0.0007,-0.0067
2010/9/24,0.0219,0.0098,0.005
2010/9/27,-0.0046,0.002,-0.0049
2010/9/28,0.0058,0.0053,0.001
2010/9/29,-0.0017,0.0066,-0.0025
2010/9/30,-0.0026,0.0005,0.0028
2010/10/1,0.0043,-0.0006,0.0023
2010/10/4,-0.0088,-0.0073,-0.0005
2010/10/5,0.0211,0.0077,0.0015
2010/10/6,-0.001,-0.0039,0.0043
2010/10/7,-0.0016,0.0005,-0.0028
2010/10/8,0.0074,0.0096,-0.0019
2010/10/11,0.0004,0.0002,-0.0023
2010/10/12,0.0039,-0.0006,0.0023
2010/10/13,0.0078,0.009,-0.0034
2010/10/14,-0.0038,0.0042,-0.004
2010/10/15,0.0018,-0.0006,-0.0124
2010/10/18,0.0069,0.0004,0.0089
2010/10/19,-0.0167,-0.0068,0.0027
2010/10/20,0.0106,0.0006,0.0009
2010/10/21,0.0011,-0.0053,-0.0049
2010/10/22,0.0029,0.0045,-0.0041
2010/10/25,0.0031,0.0044,-0.0047
2010/10/26,0.0002,0,-0.0018
2010/10/27,-0.0024,-0.0018,-0.0023
2010/10/28,0.0008,-0.0061,-0.0007
2010/10/29,0.0007,0.0032,-0.0014
2010/11/1,-0.0001,-0.0064,-0.0021
2010/11/2,0.009,0.0135,-0.0021
2010/11/3,0.0038,-0.0006,0.0019
2010/11/4,0.0194,0.0046,0.0103
2010/11/5,0.0041,-0.0011,0.0064
2010/11/8,-0.0012,0.0043,-0.0046
2010/11/9,-0.0078,-0.0038,-0.0046
2010/11/10,0.0053,0.0056,0.0061
2010/11/11,-0.0035,-0.0007,-0.0015
2010/11/12,-0.0129,-0.0048,-0.0006
2010/11/15,-0.0009,0.002,0.0031
2010/11/16,-0.0158,-0.0034,-0.0011
2010/11/17,0.0007,0.0034,-0.0029
2010/11/18,0.0157,0.0032,-0.003
2010/11/19,0.0031,0.0022,-0.0022
2010/11/22,-0.0002,0.0061,-0.0096
2010/11/23,-0.0138,0.005,-0.0028
2010/11/24,0.0159,0.0066,0.0002
2010/11/26,-0.0067,0.0031,-0.0035
2010/11/29,-0.0013,0.0001,0.0043
2010/11/30,-0.0059,-0.0019,-0.0002
2010/12/1,0.0212,-0.0008,-0.0001
2010/12/2,0.0123,-0.0032,0.0062
2010/12/3,0.0035,0.0038,0.0008
2010/12/6,-0.0003,0.0075,-0.0004
2010/12/7,0.001,0.0037,0.0005
2010/12/8,0.0032,-0.0054,0.0068
2010/12/9,0.0042,-0.0004,0.0062
2010/12/10,0.0067,0.0044,0.0022
2010/12/13,-0.0008,-0.0056,0.0004
2010/12/14,0.0009,-0.0003,-0.0011
2010/12/15,-0.0049,0.0021,-0.0057
2010/12/16,0.007,0.0044,-0.0013
2010/12/17,0.0015,0.0016,-0.0018
2010/12/20,0.0023,-0.0001,0.003
2010/12/21,0.0068,0.0034,0.0074
2010/12/22,0.0029,-0.0039,0.008
2010/12/23,-0.0016,0.001,-0.0031
2010/12/27,0.0008,0.002,0.0047
2010/12/28,0,-0.0042,0.0018
2010/12/29,0.0017,0.0012,-0.0016
2010/12/30,-0.0011,0.0013,-0.0005
2010/12/31,-0.001,-0.0064,0.0022
2011/1/3,0.0118,0.0051,0.0078
2011/1/4,-0.0026,-0.0138,0.0006
2011/1/5,0.0059,0.0059,0.0013
2011/1/6,-0.0015,-0.0008,-0.0034
2011/1/7,-0.0021,-0.0025,-0.0026
2011/1/10,-0.0002,0.0054,-0.0016
2011/1/11,0.0039,0.0011,0.0018
2011/1/12,0.0087,-0.0006,0.0026
2011/1/13,-0.0017,0.0013,-0.0036
2011/1/14,0.0069,0.0001,0.0057
2011/1/18,0.0018,0.0009,-0.0049
2011/1/19,-0.0124,-0.0135,-0.0052
2011/1/20,-0.0029,-0.0104,0.0072
2011/1/21,0.0011,-0.009,0.0059
2011/1/24,0.0065,0.0031,-0.0028
2011/1/25,0.0002,0.0001,0.0013
2011/1/26,0.006,0.0139,-0.0021
2011/1/27,0.0026,-0.0012,0.0035
2011/1/28,-0.0188,-0.0088,-0.0002
2011/1/31,0.0071,-0.0001,-0.0029
2011/2/1,0.0175,0.0048,0.0054
2011/2/2,-0.0026,-0.0006,-0.0041
2011/2/3,0.0026,-0.0003,-0.0006
2011/2/4,0.0029,0.0007,-0.005
2011/2/7,0.007,0.0025,0.0057
2011/2/8,0.0048,0.0022,-0.0001
2011/2/9,-0.0031,-0.002,-0.0006
2011/2/10,0.0012,0.0034,-0.0028
2011/2/11,0.0067,0.0041,0.0051
2011/2/14,0.003,0.0021,-0.0017
2011/2/15,-0.0038,-0.0036,0.003
2011/2/16,0.0068,0.0037,0.0025
2011/2/17,0.0037,0.0039,0.0019
2011/2/18,0.0012,-0.0014,0.0002
2011/2/22,-0.0219,-0.005,-0.0028
2011/2/23,-0.0078,-0.0118,0.004
2011/2/24,0.0004,0.0072,-0.0034
2011/2/25,0.0122,0.0102,0.0025
2011/2/28,0.0042,-0.0044,0.0024
2011/3/1,-0.0158,-0.0031,-0.0004
2011/3/2,0.0028,0.0033,-0.0028
2011/3/3,0.0176,0.0046,-0.0006
2011/3/4,-0.0067,0.0028,-0.0051
2011/3/7,-0.0096,-0.0073,0.0008
2011/3/8,0.0097,0.0044,0.0068
2011/3/9,-0.0017,-0.0027,0.0034
2011/3/10,-0.0193,-0.0074,-0.0031
2011/3/11,0.0069,-0.0035,0.0016
2011/3/14,-0.0059,0.0011,-0.0039
2011/3/15,-0.0105,0.0028,-0.0016
2011/3/16,-0.0177,0.0064,-0.0013
2011/3/17,0.0112,-0.008,0.0056
2011/3/18,0.0049,0.0056,0.002
2011/3/21,0.0158,0.0097,-0.0026
2011/3/22,-0.0034,-0.0008,-0.0004
2011/3/23,0.0031,0.0015,-0.0043
2011/3/24,0.0096,-0.001,-0.0044
2011/3/25,0.0041,0.0043,-0.0003
2011/3/28,-0.0035,0.0004,-0.0019
2011/3/29,0.0074,0.0025,-0.0018
2011/3/30,0.0079,0.0044,0.0005
2011/3/31,-0.0011,0.0059,-0.0029
2011/4/1,0.0052,-0.0011,0.0023
2011/4/4,0.0009,0.0023,-0.0009
2011/4/5,0.0008,0.0048,-0.0023
2011/4/6,0.0021,-0.002,0.0063
2011/4/7,-0.002,-0.0023,-0.0018
2011/4/8,-0.0047,-0.0056,-0.0028
2011/4/11,-0.0039,-0.0065,-0.0008
2011/4/12,-0.0084,-0.0068,0.0007
2011/4/13,0.0011,0.0014,-0.0069
2011/4/14,0,0.0039,-0.0035
2011/4/15,0.0044,0.0059,-0.0009
2011/4/18,-0.0115,-0.004,-0.0033
2011/4/19,0.005,-0.0036,-0.0017
2011/4/20,0.0145,0.0064,-0.006
2011/4/21,0.0056,0.0031,-0.0009
2011/4/25,-0.0016,-0.0009,-0.0001
2011/4/26,0.0089,0.0017,-0.0003
2011/4/27,0.0066,-0.001,-0.0019
2011/4/28,0.0032,-0.0012,0.0016
2011/4/29,0.0029,0.0021,-0.0007
2011/5/2,-0.0028,-0.0089,-0.002
2011/5/3,-0.005,-0.0099,0.0039
2011/5/4,-0.0074,-0.0054,-0.0009
2011/5/5,-0.0082,0.0051,-0.0031
2011/5/6,0.0046,0.0002,-0.0018
2011/5/9,0.0055,0.0068,-0.0047
2011/5/10,0.0086,0.0066,0.0025
2011/5/11,-0.0109,-0.0061,-0.0042
2011/5/12,0.0052,0.0039,-0.0045
2011/5/13,-0.0088,-0.0045,-0.0031
2011/5/16,-0.0076,-0.01,0.0043
2011/5/17,-0.0011,-0.0049,0.0017
2011/5/18,0.0102,0.0067,-0.003
2011/5/19,0.0022,-0.0003,-0.0012
2011/5/20,-0.0073,0.0009,-0.002
2011/5/23,-0.0129,-0.0051,0.0001
2011/5/24,-0.0014,-0.0028,-0.0004
2011/5/25,0.0045,0.0102,-0.0036
2011/5/26,0.0052,0.0067,-0.0012
2011/5/27,0.0049,0.0018,0.0023
2011/5/31,0.0104,0.0044,-0.0005
2011/6/1,-0.0233,-0.0074,-0.0026
2011/6/2,-0.001,-0.0003,0.0012
2011/6/3,-0.011,-0.0054,0.0015
2011/6/6,-0.0118,-0.0024,-0.0033
2011/6/7,-0.0004,0.0033,-0.0012
2011/6/8,-0.0054,-0.0072,0.0004
2011/6/9,0.0075,-0.001,0.0001
2011/6/10,-0.0137,-0.0025,0.0044
2011/6/13,0.0001,-0.0054,0.0039
2011/6/14,0.0136,0.0104,-0.004
2011/6/15,-0.0172,0,-0.0014
2011/6/16,0.0012,-0.0007,0.0046
2011/6/17,0.0025,-0.0039,0.0067
2011/6/20,0.0058,0.0038,-0.0011
2011/6/21,0.0152,0.0094,-0.0041
2011/6/22,-0.0062,-0.001,0.0001
2011/6/23,-0.0014,0.0065,-0.0081
2011/6/24,-0.011,0.0046,0.0011
2011/6/27,0.0089,0.0005,-0.0004
2011/6/28,0.0136,0.0043,-0.0055
2011/6/29,0.0077,-0.0071,0.0065
2011/6/30,0.0099,0.0017,-0.0026
2011/7/1,0.0145,-0.0004,0.0017
2011/7/5,-0.0008,0.0023,-0.0085
2011/7/6,0.0018,0.0043,-0.0059
2011/7/7,0.011,0.0046,0.0015
2011/7/8,-0.0067,0.0001,-0.0043
2011/7/11,-0.0191,-0.0016,-0.0028
2011/7/12,-0.0045,0.0004,0.0044
2011/7/13,0.0045,0.0057,-0.0012
2011/7/14,-0.0082,-0.0081,0.0014
2011/7/15,0.0058,0.0009,-0.0051
2011/7/18,-0.0094,-0.0058,-0.0043
2011/7/19,0.0172,0.0057,-0.0065
2011/7/20,-0.001,-0.0032,0.0077
2011/7/21,0.0129,-0.0038,0.0113
2011/7/22,0.001,-0.001,-0.007
2011/7/25,-0.0068,-0.0058,0.0013
2011/7/26,-0.0047,-0.0036,0.0029
2011/7/27,-0.0216,-0.0078,0.0037
2011/7/28,-0.0031,0.0012,-0.0003
2011/7/29,-0.0056,0.0023,0.0009
2011/8/1,-0.004,-0.0017,0.0014
2011/8/2,-0.0268,-0.0047,0.0012
2011/8/3,0.0058,0.0026,-0.0036
2011/8/4,-0.0504,-0.0082,0.0033
2011/8/5,-0.0036,-0.012,-0.006
2011/8/8,-0.0697,-0.0138,-0.0166
2011/8/9,0.0497,0.0092,0.0067
2011/8/10,-0.043,-0.0049,-0.0162
2011/8/11,0.0472,0.0025,0.0076
2011/8/12,0.0054,-0.0018,-0.0147
2011/8/15,0.0225,0.0043,0.0099
2011/8/16,-0.0107,-0.0078,-0.0013
2011/8/17,-0.0001,-0.0033,0.0063
2011/8/18,-0.0465,-0.0101,0.0053
2011/8/19,-0.0155,0.0015,-0.0036
2011/8/22,-0.0003,0.0014,-0.0091
2011/8/23,0.036,0.0123,-0.0077
2011/8/24,0.0135,-0.0019,0.0098
2011/8/25,-0.0167,-0.01,0.0051
2011/8/26,0.0174,0.0089,-0.0099
2011/8/29,0.0311,0.0151,0.0092
2011/8/30,0.0032,0.0029,-0.0074
2011/8/31,0.0042,-0.0079,0.0048
2011/9/1,-0.0133,-0.0108,-0.0078
2011/9/2,-0.0264,-0.0076,-0.0077
2011/9/6,-0.0072,0.0051,-0.0068
2011/9/7,0.0306,0.0089,0.0102
2011/9/8,-0.0118,-0.0073,-0.0062
2011/9/9,-0.0265,-0.0017,-0.0004
2011/9/12,0.0068,-0.0002,0.0034
2011/9/13,0.0112,0.0077,-0.0039
2011/9/14,0.0145,0.0043,-0.0035
2011/9/15,0.0164,-0.0058,0.0057
2011/9/16,0.0047,-0.0036,-0.0037
2011/9/19,-0.0099,-0.0051,-0.0132
2011/9/20,-0.0045,-0.0149,0.0025
2011/9/21,-0.0292,-0.0033,-0.0127
2011/9/22,-0.0329,0.0012,0.0043
2011/9/23,0.0074,0.0064,0.0003
2011/9/26,0.0228,-0.0067,0.013
2011/9/27,0.0122,0.011,-0.0058
2011/9/28,-0.0229,-0.0163,-0.0024
2011/9/29,0.0077,0.0055,0.0212
2011/9/30,-0.025,-0.001,-0.002
2011/10/3,-0.0318,-0.019,-0.0065
2011/10/4,0.0268,0.0358,0.0049
2011/10/5,0.0192,-0.0017,-0.0048
2011/10/6,0.0194,0.0019,0.0063
2011/10/7,-0.0098,-0.0122,-0.0144
2011/10/10,0.0344,0.0044,0.0064
2011/10/11,0.0015,0.0066,-0.0011
2011/10/12,0.0107,0.0048,0.0093
2011/10/13,-0.0021,0.0028,-0.0129
2011/10/14,0.0172,0.0013,-0.003
2011/10/17,-0.0206,-0.0125,-0.0053
2011/10/18,0.0211,0.0056,0.0167
2011/10/19,-0.0138,-0.0075,0.003
2011/10/20,0.0043,-0.0033,0.0072
2011/10/21,0.0192,0.0013,0.001
2011/10/24,0.0159,0.0174,-0.0034
2011/10/25,-0.0213,-0.0086,-0.0032
2011/10/26,0.0112,0.0067,0.0078
2011/10/27,0.0354,0.0138,0.0091
2011/10/28,-0.0001,-0.0054,-0.0056
2011/10/31,-0.025,0.0008,-0.0089
2011/11/1,-0.0286,-0.005,-0.0118
2011/11/2,0.0172,0.0074,0.0096
2011/11/3,0.0197,0.0059,-0.0008
2011/11/4,-0.0053,0.0005,-0.0066
2011/11/7,0.0048,-0.0071,0.0038
2011/11/8,0.0121,-0.0003,0.0055
2011/11/9,-0.0378,-0.0078,-0.0071
2011/11/10,0.0083,0.0006,0.0058
2011/11/11,0.0198,0.0046,-0.0016
2011/11/14,-0.0092,-0.0045,-0.0088
2011/11/15,0.0056,0.0087,-0.0026
2011/11/16,-0.0164,-0.0015,-0.0018
2011/11/17,-0.0165,0.002,0.0015
2011/11/18,-0.0007,0.0005,0.0092
2011/11/21,-0.0187,-0.0049,-0.0006
2011/11/22,-0.0044,-0.0025,-0.0054
2011/11/23,-0.0229,-0.0069,-0.0028
2011/11/25,-0.0034,-0.0101,0.0048
2011/11/28,0.031,0.0161,-0.0065
2011/11/29,0.0018,-0.0048,0.001
2011/11/30,0.0444,0.0101,0.0118
2011/12/1,-0.0022,-0.005,-0.0068
2011/12/2,0.0005,0.0043,0.0064
2011/12/5,0.0109,0.0028,0.003
2011/12/6,0.0004,-0.0008,0.0007
2011/12/7,0.0016,-0.0032,0.0075
2011/12/8,-0.0223,-0.0072,-0.0103
2011/12/9,0.0183,0.0131,0.0014
2011/12/12,-0.0148,0.0007,-0.0047
2011/12/13,-0.0105,-0.0103,0.0007
2011/12/14,-0.0121,-0.0029,0.0091
2011/12/15,0.004,0.0066,0.0016
2011/12/16,0.0045,0.0022,-0.0009
2011/12/19,-0.0131,-0.0041,-0.0071
2011/12/20,0.031,0.0077,0.0039
2011/12/21,0.002,-0.0003,0.0129
2011/12/22,0.0083,-0.0022,0.0066
2011/12/23,0.0084,-0.0059,-0.0015
2011/12/27,0.0004,0.0049,-0.0056
2011/12/28,-0.0134,-0.0071,-0.0009
2011/12/29,0.011,0.0018,0.0031
2011/12/30,-0.004,-0.0004,-0.0019
2012/1/3,0.015,-0.002,0.0094
2012/1/4,0,-0.0064,0.0003
2012/1/5,0.0039,0.0018,0.0019
2012/1/6,-0.0019,0.0002,-0.0026
2012/1/9,0.0028,0.0024,-0.0005
2012/1/10,0.0097,0.0039,0.0041
2012/1/11,0.0013,0.0015,0.0033
2012/1/12,0.0031,0.003,0.0001
2012/1/13,-0.0052,-0.0023,-0.0046
2012/1/17,0.0036,-0.0008,-0.0075
2012/1/18,0.0122,0.0054,0.002
2012/1/19,0.0051,-0.0014,-0.002
2012/1/20,0.0003,0.0023,0.0065
2012/1/23,0.0002,-0.0028,0.0015
2012/1/24,0,0.0081,-0.0031
2012/1/25,0.0091,0.0012,-0.008
2012/1/26,-0.0059,0.0024,-0.0048
2012/1/27,0.0001,0.0082,-0.0011
2012/1/30,-0.0031,-0.0043,-0.0031
2012/1/31,-0.0005,-0.0006,0
2012/2/1,0.011,0.0111,0.0039
2012/2/2,0.0017,0.004,0
2012/2/3,0.0158,0.0059,0.0041
2012/2/6,-0.0005,-0.0026,-0.0022
2012/2/7,0.0016,-0.0027,-0.001
2012/2/8,0.0025,-0.0016,0.0046
2012/2/9,0.0015,-0.0037,-0.0032
2012/2/10,-0.0075,-0.006,-0.0006
2012/2/13,0.0075,0.0059,-0.0005
2012/2/14,-0.0009,-0.0041,-0.0036
2012/2/15,-0.005,-0.0025,0.0012
2012/2/16,0.0127,0.0068,0.0031
2012/2/17,0.0016,-0.0031,0.0055
2012/2/21,-0.0005,-0.0065,0.0025
2012/2/22,-0.0039,-0.0038,-0.0064
2012/2/23,0.0056,0.0091,-0.0004
2012/2/24,0.0015,-0.0044,-0.0065
2012/2/27,0.0014,-0.0022,0.0038
2012/2/28,0.0028,-0.0063,-0.0012
2012/2/29,-0.0055,-0.0102,0.0016
2012/3/1,0.0064,-0.0024,0.0007
2012/3/2,-0.0046,-0.0124,-0.0005
2012/3/5,-0.004,0.0045,0.003
2012/3/6,-0.0162,-0.0032,-0.0035
2012/3/7,0.008,0.003,0.0028
2012/3/8,0.0107,0.0036,-0.0026
2012/3/9,0.0049,0.0091,0.0018
2012/3/12,-0.0007,-0.002,-0.0007
2012/3/13,0.0186,0.0005,0.0098
2012/3/14,-0.0023,-0.0062,-0.002
2012/3/15,0.0067,0.0026,0.0052
2012/3/16,0.0006,-0.0028,0.0036
2012/3/19,0.0041,0.0052,-0.0005
2012/3/20,-0.0039,-0.0065,0.0028
2012/3/21,-0.001,0.0031,-0.0042
2012/3/22,-0.0074,-0.0013,-0.0044
2012/3/23,0.0039,0.0057,0.0039
2012/3/26,0.0145,0.0046,-0.0022
2012/3/27,-0.003,-0.0034,-0.0034
2012/3/28,-0.0052,-0.0004,0.0049
2012/3/29,-0.0016,-0.0001,-0.0026
2012/3/30,0.0028,-0.0071,-0.0002
2012/4/2,0.0077,0.0035,0.0006
2012/4/3,-0.0034,-0.0029,-0.0029
2012/4/4,-0.0111,-0.0055,-0.0003
2012/4/5,-0.0003,-0.0009,-0.0044
2012/4/9,-0.0121,-0.0045,-0.0009
2012/4/10,-0.0185,-0.0041,0.0006
2012/4/11,0.0085,0.0076,0.0028
2012/4/12,0.0144,0.0006,0.003
2012/4/13,-0.0125,-0.0013,-0.0075
2012/4/16,-0.0009,0.0015,0.0082
2012/4/17,0.0155,0.0006,-0.0022
2012/4/18,-0.0043,-0.0048,-0.0043
2012/4/19,-0.0057,-0.0003,0.0025
2012/4/20,0.0011,0.0055,-0.0011
2012/4/23,-0.0095,-0.0056,0.0014
2012/4/24,0.0029,0.0024,0.0091
2012/4/25,0.0144,0.004,-0.0101
2012/4/26,0.0075,-0.0002,-0.0002
2012/4/27,0.0035,0.0072,-0.0022
2012/4/30,-0.0049,-0.0059,0.0001
2012/5/1,0.0048,-0.0086,0.0041
2012/5/2,-0.0015,0.0071,-0.0065
2012/5/3,-0.0092,-0.0061,0.0001
2012/5/4,-0.0162,-0.0021,0.0017
2012/5/7,0.0004,0.0012,0.0047
2012/5/8,-0.0041,0.0035,0.0033
2012/5/9,-0.0062,0.0017,-0.0022
2012/5/10,0.0029,0.0007,0.0055
2012/5/11,-0.0029,0.0027,-0.0105
2012/5/14,-0.0114,-0.0006,-0.0017
2012/5/15,-0.0052,0.005,-0.0018
2012/5/16,-0.0044,-0.0016,-0.0045
2012/5/17,-0.0164,-0.0049,0.0036
2012/5/18,-0.008,-0.0015,0.0005
2012/5/21,0.0169,0.0066,-0.0109
2012/5/22,0,-0.009,0.0035
2012/5/23,0.0026,0.0049,-0.0023
2012/5/24,0.0016,0,0.0016
2012/5/25,-0.0016,0.0024,-0.0014
2012/5/29,0.0114,0.0017,0
2012/5/30,-0.0147,-0.0026,-0.0032
2012/5/31,-0.0023,0.0013,0.0052
2012/6/1,-0.026,-0.0051,0.0005
2012/6/4,-0.0005,0.0011,-0.0058
2012/6/5,0.0068,0.0025,0.0015
2012/6/6,0.0232,0.0005,0.003
2012/6/7,-0.001,-0.0047,0.0022
2012/6/8,0.0085,0.0021,0.0002
2012/6/11,-0.0141,-0.0085,-0.0008
2012/6/12,0.0116,0.0011,0.0012
2012/6/13,-0.0077,-0.0051,0.0028
2012/6/14,0.0104,0.002,0.0033
2012/6/15,0.0107,0.0008,0
2012/6/18,0.0021,0.0013,-0.0084
2012/6/19,0.0109,0.0066,0.0028
2012/6/20,-0.0014,-0.0011,0.0018
2012/6/21,-0.0226,-0.0007,0.0003
2012/6/22,0.0079,0.0064,0.0017
2012/6/25,-0.0163,0.0012,-0.0028
2012/6/26,0.0052,-0.0013,-0.0001
2012/6/27,0.0092,0.0038,0.0048
2012/6/28,-0.0024,0.0018,0.0034
2012/6/29,0.0255,0.0036,-0.006
2012/7/2,0.0033,0.0073,-0.0001
2012/7/3,0.0076,0.0069,0.0009
2012/7/5,-0.0036,0.0058,-0.0084
2012/7/6,-0.0099,-0.004,0.0035
2012/7/9,-0.0023,-0.0025,-0.0022
2012/7/10,-0.0084,-0.0037,0.0032
2012/7/11,-0.0009,-0.004,0.0075
2012/7/12,-0.005,0.0023,-0.0069
2012/7/13,0.0162,-0.0037,0.0057
2012/7/16,-0.0031,-0.0041,-0.0023
2012/7/17,0.0067,-0.0055,0.0026
2012/7/18,0.0071,0.0028,-0.008
2012/7/19,0.0027,-0.0037,-0.0095
2012/7/20,-0.0106,-0.0034,0.0009
2012/7/23,-0.0102,-0.0067,0.0019
2012/7/24,-0.0099,-0.0056,0.003
2012/7/25,-0.0001,0.0025,-0.0002
2012/7/26,0.0153,-0.0084,0.0036
2012/7/27,0.0196,0.0057,0.0012
2012/7/30,-0.0013,-0.0039,0.0021
2012/7/31,-0.0047,0,0.0013
2012/8/1,-0.005,-0.0161,0.0033
2012/8/2,-0.0069,0.0026,-0.0037
2012/8/3,0.0199,0.0055,0.005
2012/8/6,0.0034,0.0056,0.0002
2012/8/7,0.0064,0.0034,0.0007
2012/8/8,0.0009,-0.0026,0.0058
2012/8/9,0.0012,0.0037,0.0005
2012/8/10,0.0017,-0.0033,-0.0004
2012/8/13,-0.0014,-0.0014,0.0001
2012/8/14,-0.0003,-0.0042,-0.0005
2012/8/15,0.0027,0.0073,-0.0005
2012/8/16,0.0075,0.0046,-0.0014
2012/8/17,0.0027,0.006,0.001
2012/8/20,-0.0006,-0.0046,0.006
2012/8/21,-0.0031,0.001,0.0042
2012/8/22,0,-0.0044,-0.0036
2012/8/23,-0.0078,0.0002,-0.004
2012/8/24,0.0061,-0.0027,-0.0005
2012/8/27,-0.0006,0.0012,-0.0011
2012/8/28,0.0001,0.0061,-0.0011
2012/8/29,0.0015,0.0026,0.0012
2012/8/30,-0.008,-0.0044,-0.0004
2012/8/31,0.0052,-0.0007,-0.0001
2012/9/4,0.0008,0.0098,-0.0019
2012/9/5,-0.0005,-0.0008,0.0035
2012/9/6,0.0207,-0.0011,0.003
2012/9/7,0.0045,-0.0001,0.0074
2012/9/10,-0.0057,0.0031,-0.0006
2012/9/11,0.0028,0.0002,0.0053
2012/9/12,0.0027,0.0013,0.0028
2012/9/13,0.0156,-0.004,0.0056
2012/9/14,0.0054,0.0055,0.0045
2012/9/17,-0.0042,-0.0017,-0.0073
2012/9/18,-0.0015,0,-0.0022
2012/9/19,0.0018,-0.0015,0.0003
2012/9/20,-0.0013,-0.0043,-0.0012
2012/9/21,0.0004,0.0049,0
2012/9/24,-0.0026,-0.0022,0.0034
2012/9/25,-0.0111,-0.0034,-0.0036
2012/9/26,-0.0057,-0.0002,0.0004
2012/9/27,0.0099,0.0024,-0.0015
2012/9/28,-0.0046,-0.0031,-0.0024
2012/10/1,0.0026,0.0007,0.0023
2012/10/2,0.001,-0.0014,0.0024
2012/10/3,0.0036,-0.0064,-0.0002
2012/10/4,0.0076,-0.0018,0.0072
2012/10/5,-0.0003,-0.0018,0.0022
2012/10/8,-0.0036,-0.0023,0.002
2012/10/9,-0.0105,-0.003,0.0033
2012/10/10,-0.0058,0.004,0.0028
2012/10/11,0.0011,0.0032,0.0067
2012/10/12,-0.0034,-0.0031,-0.0088
2012/10/15,0.0079,-0.0015,0.0014
2012/10/16,0.01,-0.0022,-0.0023
2012/10/17,0.0049,0.0015,0.0106
2012/10/18,-0.0031,-0.0061,0.0027
2012/10/19,-0.0168,-0.004,0.0045
2012/10/22,0.0001,-0.0004,0.0018
2012/10/23,-0.0129,0.0099,-0.0049
2012/10/24,-0.0028,-0.0014,0.0038
2012/10/25,0.0027,0.0015,-0.0001
2012/10/26,-0.0007,-0.0011,-0.0044
2012/10/31,0.0014,0.0052,0.0035
2012/11/1,0.0119,0.0015,0.0018
2012/11/2,-0.0104,-0.0056,0.0026
2012/11/5,0.0028,0.0043,-0.0022
2012/11/6,0.008,-0.0004,0.0056
2012/11/7,-0.0231,-0.0006,-0.0135
2012/11/8,-0.0124,-0.0028,0.0042
2012/11/9,0.0015,0.0002,-0.0012
2012/11/12,0,-0.0017,0.0003
2012/11/13,-0.004,-0.0019,-0.0029
2012/11/14,-0.014,-0.0036,-0.0024
2012/11/15,-0.0024,-0.0043,0.0022
2012/11/16,0.0058,0.0006,0.0008
2012/11/19,0.0198,0.0028,-0.0007
2012/11/20,0.0011,-0.0006,0.0019
2012/11/21,0.0031,0.0039,-0.0013
2012/11/23,0.0128,-0.0016,0.0009
2012/11/26,-0.0014,0.0053,-0.0017
2012/11/27,-0.0043,0.0044,-0.0021
2012/11/28,0.0083,0.0002,-0.003
2012/11/29,0.0054,0.0068,-0.0001
2012/11/30,0.0002,-0.0015,0.0027
2012/12/3,-0.0046,0.0029,0.0021
2012/12/4,-0.0016,0.0034,-0.0002
2012/12/5,0.0017,-0.0066,0.0093
2012/12/6,0.0031,-0.0018,-0.0014
2012/12/7,0.0027,-0.0042,0.003
2012/12/10,0.0011,0.0045,0
2012/12/11,0.0068,0.0046,-0.0006
2012/12/12,-0.0002,-0.0071,0.0053
2012/12/13,-0.0058,0.0004,0.0004
2012/12/14,-0.0034,0.003,0.0027
2012/12/17,0.0116,-0.0007,0.0058
2012/12/18,0.012,0.0032,0.0009
2012/12/19,-0.006,0.0059,0.0024
2012/12/20,0.0053,-0.0024,0.0077
2012/12/21,-0.0088,0.0043,-0.0032
2012/12/24,-0.0024,-0.0019,-0.0003
2012/12/26,-0.0054,-0.0017,0.0033
2012/12/27,-0.0011,0,-0.0014
2012/12/28,-0.01,0.0045,0.0001
2012/12/31,0.0171,0.0042,-0.0009
2013/1/2,0.0262,0.0014,0.004
2013/1/3,-0.0014,0.0012,0.0005
2013/1/4,0.0055,0.0011,0.0039
2013/1/7,-0.0031,-0.0009,-0.0036
2013/1/8,-0.0027,0.0004,-0.0001
2013/1/9,0.0034,0.0028,-0.0039
2013/1/10,0.0066,-0.0065,0.0047
2013/1/11,0.0002,0.0008,-0.0044
2013/1/14,-0.0006,0.0002,-0.0007
2013/1/15,0.0019,0.0025,0.0002
2013/1/16,-0.0004,-0.0024,0.0022
2013/1/17,0.0061,0.0042,-0.001
2013/1/18,0.0029,0.0002,-0.001
2013/1/22,0.0048,0.0015,0.0047
2013/1/23,0.001,-0.003,-0.0012
2013/1/24,0.0009,0.0026,0.0006
2013/1/25,0.0059,-0.0005,-0.0029
2013/1/28,-0.0014,0.0039,0.0011
2013/1/29,0.0036,-0.0044,0.0033
2013/1/30,-0.0038,-0.0088,0.0011
2013/1/31,-0.0008,0.007,0.0019
2013/2/1,0.0099,0.0006,0.0025
2013/2/4,-0.0119,-0.0013,-0.0015
2013/2/5,0.0107,-0.0008,0.0014
2013/2/6,0.0015,0.0029,0.0015
2013/2/7,-0.0015,-0.0006,0.0003
2013/2/8,0.0058,0.0001,-0.0019
2013/2/11,-0.0008,-0.0003,0.0037
2013/2/12,0.0016,0.002,0.0071
2013/2/13,0.0014,0.001,0.0003
2013/2/14,0.0011,0.0033,0.0016
2013/2/15,-0.0011,0.0003,-0.0008
2013/2/19,0.0074,0.0023,0.0017
2013/2/20,-0.0136,-0.0055,-0.006
2013/2/21,-0.0066,-0.003,-0.0006
2013/2/22,0.0094,0.0017,-0.0008
2013/2/25,-0.0182,-0.002,-0.0075
2013/2/26,0.0058,-0.0019,0.0005
2013/2/27,0.0129,-0.0038,0.0017
2013/2/28,-0.0005,0.0011,-0.0015
2013/3/1,0.0022,0.0014,-0.0029
2013/3/4,0.0047,-0.0039,0.0009
2013/3/5,0.0101,0.002,-0.0015
2013/3/6,0.0018,0.0007,0.0049
2013/3/7,0.0027,0.0018,0.0043
2013/3/8,0.0052,0.0038,-0.0017
2013/3/11,0.003,-0.0035,0.0025
2013/3/12,-0.0022,0.0006,-0.0016
2013/3/13,0.002,0.0017,0.0009
2013/3/14,0.0058,0.0037,0.0041
2013/3/15,-0.0019,0.0002,0.0039
2013/3/18,-0.005,0.0012,-0.0027
2013/3/19,-0.0024,-0.0002,-0.0001
2013/3/20,0.0076,0.0026,0.0001
2013/3/21,-0.0085,0.0016,-0.0028
2013/3/22,0.0062,-0.0045,-0.0028
2013/3/25,-0.0029,0.0028,0.0003
2013/3/26,0.0076,-0.0038,-0.0022
2013/3/27,-0.0002,0.0015,-0.0027
2013/3/28,0.0039,-0.0028,-0.0028
2013/4/1,-0.0057,-0.0093,0.0001
2013/4/2,0.0033,-0.009,-0.0028
2013/4/3,-0.0116,-0.0044,-0.0012
2013/4/4,0.0042,0.0019,0.0026
2013/4/5,-0.0041,0.0006,0.0032
2013/4/8,0.007,0.0014,0.0025
2013/4/9,0.0031,-0.0041,0.0019
2013/4/10,0.0128,0.0064,-0.001
2013/4/11,0.0035,-0.0021,-0.0013
2013/4/12,-0.0028,-0.0012,-0.0049
2013/4/15,-0.0248,-0.0147,-0.0028
2013/4/16,0.0147,0.0018,0.0007
2013/4/17,-0.0146,-0.0029,-0.0049
2013/4/18,-0.0071,0.0017,-0.0002
2013/4/19,0.0097,0.0006,0.0011
2013/4/22,0.0045,-0.0017,-0.0014
2013/4/23,0.0111,0.0047,0.0061
2013/4/24,0.0006,0.0036,0.0118
2013/4/25,0.0049,0.0022,-0.0007
2013/4/26,-0.002,-0.0035,-0.0022
2013/4/29,0.0067,0.0012,-0.0008
2013/4/30,0.0029,0.0036,-0.0001
2013/5/1,-0.0108,-0.0143,-0.002
2013/5/2,0.0104,0.006,0.001
2013/5/3,0.0112,0.0063,0.0018
2013/5/6,0.0023,0.0024,0.0081
2013/5/7,0.0054,0.0011,0.0012
2013/5/8,0.0044,-0.0023,0.0016
2013/5/9,-0.0031,0.0011,-0.0027
2013/5/10,0.0054,0.0043,-0.0019
2013/5/13,-0.0002,-0.0024,-0.0005
2013/5/14,0.011,0.0013,0.0028
2013/5/15,0.0051,-0.0012,0.0023
2013/5/16,-0.005,0.0015,-0.0028
2013/5/17,0.0104,-0.0001,0.0033
2013/5/20,-0.0006,0.0036,0.0048
2013/5/21,0.0016,-0.0011,-0.0007
2013/5/22,-0.0092,-0.0072,-0.0017
2013/5/23,-0.0019,0.0047,-0.0004
2013/5/24,-0.0006,0.0016,0.0009
2013/5/28,0.0077,0.0064,0.0023
2013/5/29,-0.007,-0.0036,0.0059
2013/5/30,0.005,0.0032,0.005
2013/5/31,-0.0131,0.0052,-0.0027
2013/6/3,0.0048,0.0014,0.0005
2013/6/4,-0.0055,-0.003,-0.0015
2013/6/5,-0.0138,0.0006,-0.0024
2013/6/6,0.0089,0.0016,0.0021
2013/6/7,0.013,-0.0048,0.0005
2013/6/10,0.0007,0.0066,0.0021
2013/6/11,-0.0104,0.0001,-0.0057
2013/6/12,-0.0082,0,-0.0005
2013/6/13,0.0147,0.0009,0.0033
2013/6/14,-0.0059,-0.0024,-0.0056
2013/6/17,0.0074,-0.0011,0.0007
2013/6/18,0.008,0.0038,-0.0007
2013/6/19,-0.0128,0.0015,0.0014
2013/6/20,-0.0245,-0.0002,0.0037
2013/6/21,0.0013,0.0019,-0.0009
2013/6/24,-0.0119,0.0009,-0.0068
2013/6/25,0.0096,0,0.0083
2013/6/26,0.0092,-0.0074,-0.0015
2013/6/27,0.0077,0.0083,0.0038
2013/6/28,-0.0033,0.0031,-0.0013
2013/7/1,0.0071,0.0081,-0.0009
2013/7/2,-0.001,0.0001,0.0006
2013/7/3,0.0011,0.002,-0.0023
2013/7/5,0.0111,0.0035,0.0047
2013/7/8,0.0053,-0.0018,0.0005
2013/7/9,0.0074,0.0004,0.003
2013/7/10,0.0006,0.0036,-0.0036
2013/7/11,0.0132,-0.001,-0.0066
2013/7/12,0.0033,-0.0002,0.0021
2013/7/15,0.002,0.005,0.0032
2013/7/16,-0.0041,0.0003,0.0009
2013/7/17,0.003,-0.0004,0.002
2013/7/18,0.0054,0.0002,0.0095
2013/7/19,0.0009,-0.0011,0.0028
2013/7/22,0.0022,0.0009,0.0033
2013/7/23,-0.0015,0.0006,0.0027
2013/7/24,-0.0039,-0.0027,-0.0027
2013/7/25,0.0042,0.0061,-0.004
2013/7/26,0.0002,-0.0064,-0.0029
2013/7/29,-0.0037,-0.003,-0.0032
2013/7/30,0.0012,0.0019,-0.0049
2013/7/31,0.0009,0.0014,0.0014
2013/8/1,0.014,0.0005,0.0009
2013/8/2,0.002,-0.0021,-0.0032
2013/8/5,-0.0007,0.005,-0.0014
2013/8/6,-0.0068,-0.0032,-0.001
2013/8/7,-0.0042,-0.0034,-0.0001
2013/8/8,0.0047,0,0.0003
2013/8/9,-0.0029,0.0012,-0.002
2013/8/12,-0.0002,0.0057,-0.0022
2013/8/13,0.002,-0.0029,-0.0004
2013/8/14,-0.005,0.0014,0.0028
2013/8/15,-0.0147,-0.0037,0.0029
2013/8/16,-0.0026,0.0004,0.0013
2013/8/19,-0.0062,-0.0018,-0.0074
2013/8/20,0.0053,0.0085,0.0008
2013/8/21,-0.0059,-0.0003,-0.0042
2013/8/22,0.0093,0.0051,0.0007
2013/8/23,0.0038,-0.0022,-0.0015
2013/8/26,-0.0029,0.0051,-0.0048
2013/8/27,-0.0175,-0.0072,-0.0036
2013/8/28,0.003,0.001,0.0009
2013/8/29,0.0034,0.0079,-0.0041
2013/8/30,-0.0047,-0.0113,-0.0021
2013/9/3,0.0046,0.0003,0.0016
2013/9/4,0.0083,-0.0001,-0.0015
2013/9/5,0.0019,0.0017,0.004
2013/9/6,0,0.0004,0
2013/9/9,0.0109,0.0047,-0.0021
2013/9/10,0.008,0.0001,0.0021
2013/9/11,0.0028,-0.0023,0.0004
2013/9/12,-0.0032,-0.0022,-0.0037
2013/9/13,0.0029,0.0026,-0.0004
2013/9/16,0.0049,-0.0045,0.0039
2013/9/17,0.0054,0.0048,-0.0013
2013/9/18,0.011,-0.0018,-0.0047
2013/9/19,-0.0013,0.0016,-0.0061
2013/9/20,-0.0063,0.0053,0.0019
2013/9/23,-0.0045,0.0047,-0.0043
2013/9/24,-0.0013,0.0052,0.0003
2013/9/25,-0.0023,0.0002,0.0059
2013/9/26,0.0042,0.0021,-0.0074
2013/9/27,-0.0039,-0.0002,-0.0002
2013/9/30,-0.0049,0.0049,0.0005
2013/10/1,0.009,0.0041,-0.001
2013/10/2,-0.001,-0.0036,-0.0006
2013/10/3,-0.0088,-0.0019,0.0017
2013/10/4,0.0074,-0.0002,0.0009
2013/10/7,-0.0095,-0.0027,0
2013/10/8,-0.0135,-0.0047,0.0077
2013/10/9,-0.0005,-0.0044,0.0061
2013/10/10,0.0223,0.0016,-0.0002
2013/10/11,0.0071,0.0079,0
2013/10/14,0.0044,0.0022,-0.001
2013/10/15,-0.0073,-0.002,0.0003
2013/10/16,0.0137,-0.0032,0.0016
2013/10/17,0.007,0.0018,-0.0005
2013/10/18,0.0073,0.0027,0.0012
2013/10/21,-0.0002,-0.0011,0.0001
2013/10/22,0.005,-0.0026,0.0004
2013/10/23,-0.0051,0.0015,-0.003
2013/10/24,0.0042,0.0041,-0.0032
2013/10/25,0.0033,-0.0033,0.0007
2013/10/28,0.0009,-0.0004,0.0004
2013/10/29,0.0054,-0.0014,-0.0006
2013/10/30,-0.0061,-0.0078,0.005
2013/10/31,-0.0034,-0.0008,-0.0045
2013/11/1,0.002,-0.0068,0.0023
2013/11/4,0.0047,0.0077,-0.0004
2013/11/5,-0.0023,0,-0.0024
2013/11/6,0.0027,-0.0082,0.0033
2013/11/7,-0.0146,-0.0035,0.0016
2013/11/8,0.0145,0.0051,0.0045
2013/11/11,0.0012,0.0001,-0.0013
2013/11/12,-0.0019,0.0038,-0.007
2013/11/13,0.009,0.0009,-0.0012
2013/11/14,0.0043,-0.0057,0.003
2013/11/15,0.0043,0.0007,-0.003
2013/11/18,-0.005,-0.0046,0.0046
2013/11/19,-0.0027,-0.0032,0.0025
2013/11/20,-0.0033,0.0025,0.0002
2013/11/21,0.0097,0.0078,-0.0003
2013/11/22,0.005,-0.0008,0.0011
2013/11/25,-0.0011,0.0014,0.0016
2013/11/26,0.0018,0.0084,-0.0043
2013/11/27,0.003,0.0034,-0.0004
2013/11/29,-0.0002,0.0028,-0.0016
2013/12/2,-0.0031,-0.0097,0.0016
2013/12/3,-0.0034,-0.0008,-0.0009
2013/12/4,-0.0007,-0.0022,0.0027
2013/12/5,-0.0035,0.0069,-0.0064
2013/12/6,0.0102,-0.0028,0.0019
2013/12/9,0.0017,-0.0043,0.0002
2013/12/10,-0.0034,-0.0058,0.0025
2013/12/11,-0.0117,-0.0035,0.0005
2013/12/12,-0.0023,0.0036,0.0024
2013/12/13,0.001,0.0024,0
2013/12/16,0.0067,0.0059,-0.0013
2013/12/17,-0.0026,0.0017,-0.0013
2013/12/18,0.0155,-0.0049,0.0006
2013/12/19,-0.001,-0.0056,0.0023
2013/12/20,0.0069,0.013,-0.0031
2013/12/23,0.0062,0.0049,0
2013/12/24,0.0034,0.001,0.0009
2013/12/26,0.0044,-0.0031,-0.0031
2013/12/27,-0.0005,-0.0006,0.0024
2013/12/30,0,0.0003,-0.003
2013/12/31,0.0044,-0.0018,0.0008
2014/1/2,-0.0088,-0.0028,0.0016
2014/1/3,0.0003,0.0037,0.0004
2014/1/6,-0.0034,-0.0058,0.0028
2014/1/7,0.0068,0.0039,-0.0039
2014/1/8,0.0004,0.0001,-0.0011
2014/1/9,0.0002,0.002,-0.0042
2014/1/10,0.0027,0.0055,-0.0082
2014/1/13,-0.0132,-0.0007,0.0012
2014/1/14,0.0115,0.0016,-0.0032
2014/1/15,0.0053,0.0022,0.0021
2014/1/16,-0.0007,0.0031,-0.007
2014/1/17,-0.0039,0.0003,0.0003
2014/1/21,0.003,0.0046,0
2014/1/22,0.0015,0.0027,0.0021
2014/1/23,-0.0086,0.0017,-0.0054
2014/1/24,-0.0219,-0.0038,0.0017
2014/1/27,-0.0065,-0.0085,0.004
2014/1/28,0.0073,0.0016,0.0005
2014/1/29,-0.0107,-0.004,0.0023
2014/1/30,0.0122,0.003,-0.0038
2014/1/31,-0.0066,-0.0008,-0.0032
2014/2/3,-0.0249,-0.0087,0.0027
2014/2/4,0.0077,-0.0004,-0.0005
2014/2/5,-0.0023,-0.0061,0.0021
2014/2/6,0.0121,-0.005,0.0025
2014/2/7,0.0133,-0.0017,-0.0063
2014/2/10,0.0016,0.0013,-0.0047
2014/2/11,0.0109,-0.002,0.0025
2014/2/12,0.0011,0.0025,-0.0006
2014/2/13,0.0072,0.0072,-0.0007
2014/2/14,0.0042,-0.0036,0.0038
2014/2/18,0.0027,0.0097,-0.0023
2014/2/19,-0.0074,-0.0027,-0.0044
2014/2/20,0.007,0.0055,-0.002
2014/2/21,-0.0009,0.0034,-0.0005
2014/2/24,0.0065,0.0018,0.0032
2014/2/25,-0.001,0.0013,-0.006
2014/2/26,0.0012,0.0067,-0.001
2014/2/27,0.0054,0.0015,0.0002
2014/2/28,0.0015,-0.0073,0.0082
2014/3/3,-0.007,0.0008,0.0014
2014/3/4,0.0167,0.0111,-0.0015
2014/3/5,0.0001,-0.0028,0.003
2014/3/6,0.0016,-0.0033,0.0077
2014/3/7,0.0004,-0.0011,0.0054
2014/3/10,-0.0009,-0.001,0.0007
2014/3/11,-0.0062,-0.0053,-0.002
2014/3/12,0.0013,0.003,-0.0018
2014/3/13,-0.0121,-0.001,0.0022
2014/3/14,-0.0016,0.007,-0.0007
2014/3/17,0.009,-0.0037,0.0002
2014/3/18,0.0082,0.0074,-0.0039
2014/3/19,-0.0059,-0.0018,0.0062
2014/3/20,0.0052,-0.0049,0.0099
2014/3/21,-0.0037,-0.0028,0.0088
2014/3/24,-0.0064,-0.0089,0.009
2014/3/25,0.003,-0.0035,0.0013
2014/3/26,-0.0089,-0.0117,0.0025
2014/3/27,-0.0019,-0.001,-0.0033
2014/3/28,0.0041,-0.0044,0.0055
2014/3/31,0.0097,0.0099,-0.0018
2014/4/1,0.0087,0.0073,-0.0038
2014/4/2,0.0029,0.0005,0.0013
2014/4/3,-0.0031,-0.0089,0.008
2014/4/4,-0.0147,-0.0113,0.0068
2014/4/7,-0.0126,-0.0029,-0.0005
2014/4/8,0.005,0.003,-0.002
2014/4/9,0.0121,0.0033,-0.0088
2014/4/10,-0.0224,-0.007,0.0079
2014/4/11,-0.0107,-0.004,0.0025
2014/4/14,0.007,-0.0051,0.0021
2014/4/15,0.0059,-0.0038,0.002
2014/4/16,0.0113,0.0003,-0.0038
2014/4/17,0.0023,0.0033,0.0021
2014/4/21,0.0036,0.0021,-0.0043
2014/4/22,0.0058,0.0072,-0.0035
2014/4/23,-0.0031,-0.0064,0.0089
2014/4/24,0.0008,-0.0041,-0.0019
2014/4/25,-0.0105,-0.0094,0.0056
2014/4/28,0.0011,-0.0063,-0.0058
2014/4/29,0.0056,-0.0023,-0.0013
2014/4/30,0.0035,0.0024,-0.0004
2014/5/1,0.0004,-0.0016,-0.0018
2014/5/2,-0.0007,0.002,0.0043
2014/5/5,0.0013,-0.0028,-0.0055
2014/5/6,-0.0103,-0.0053,0.0013
2014/5/7,0.0045,-0.0085,0.0112
2014/5/8,-0.0026,-0.0101,0.0038
2014/5/9,0.0025,0.007,-0.0036
2014/5/12,0.012,0.0139,-0.0025
2014/5/13,-0.0005,-0.0106,0.0023
2014/5/14,-0.006,-0.0109,-0.0046
2014/5/15,-0.009,0.0034,-0.0027
2014/5/16,0.0036,0.0027,-0.0043
2014/5/19,0.005,0.0062,0.0006
2014/5/20,-0.0078,-0.0082,0.0023
2014/5/21,0.0081,-0.0027,0.0009
2014/5/22,0.0036,0.0063,-0.0025
2014/5/23,0.0049,0.0061,-0.0022
2014/5/27,0.0069,0.0069,-0.0017
2014/5/28,-0.0011,-0.0031,0.0022
2014/5/29,0.0054,-0.002,-0.0011
2014/5/30,0.0006,-0.0068,0.0025
2014/6/2,0.0006,-0.0069,0.0038
2014/6/3,-0.0005,-0.0026,0.0019
2014/6/4,0.0028,0.0023,-0.0008
2014/6/5,0.0077,0.0129,-0.0018
2014/6/6,0.0054,0.0049,-0.0001
2014/6/9,0.0022,0.0101,-0.0031
2014/6/10,-0.0003,-0.0018,-0.0004
2014/6/11,-0.0034,-0.0014,-0.0025
2014/6/12,-0.0068,0.0011,0.0017
2014/6/13,0.0031,-0.0006,-0.0018
2014/6/16,0.0013,0.0047,-0.007
2014/6/17,0.0034,0.0054,0.0046
2014/6/18,0.0075,-0.0027,-0.0009
2014/6/19,0.0012,-0.0015,-0.0002
2014/6/20,0.0018,0.0018,0.0006
2014/6/23,-0.0001,-0.0025,0.001
2014/6/24,-0.0072,-0.0034,-0.0024
2014/6/25,0.0053,0.0035,0.0015
2014/6/26,-0.0011,-0.0008,0.0003
2014/6/27,0.0026,0.0048,-0.0022
2014/6/30,0.0007,0.0026,0.0017
2014/7/1,0.0074,0.0049,-0.0038
2014/7/2,-0.0003,-0.0046,-0.0019
2014/7/3,0.0059,0.0021,0.001
2014/7/7,-0.0062,-0.0127,0.0034
2014/7/8,-0.0082,-0.0068,0.0072
2014/7/9,0.0046,-0.0039,-0.0012
2014/7/10,-0.0049,-0.0058,-0.0001
2014/7/11,0.0012,-0.0021,-0.0039
2014/7/14,0.0046,0.0001,-0.0014
2014/7/15,-0.0032,-0.0096,0.0102
2014/7/16,0.0032,-0.0063,0.0035
2014/7/17,-0.0121,-0.004,0.0019
2014/7/18,0.0112,0.005,-0.0046
2014/7/21,-0.0025,-0.0024,0.0005
2014/7/22,0.0053,0.0025,-0.0031
2014/7/23,0.0019,0.0015,-0.0075
2014/7/24,0.0005,-0.0028,0.0001
2014/7/25,-0.0053,-0.0036,0.0015
2014/7/28,-0.0008,-0.0047,0.0027
2014/7/29,-0.0033,0.0072,-0.0068
2014/7/30,0.0012,0.0044,-0.003
2014/7/31,-0.0203,-0.0021,0.0049
2014/8/1,-0.0032,-0.0019,-0.0005
2014/8/4,0.0074,0.0001,-0.0021
2014/8/5,-0.0084,0.0079,-0.0018
2014/8/6,0.0002,0.0038,0.0019
2014/8/7,-0.0052,-0.0004,-0.0013
2014/8/8,0.0113,-0.0021,-0.0016
2014/8/11,0.004,0.0059,-0.0028
2014/8/12,-0.0023,-0.006,0.0027
2014/8/13,0.0069,-0.0009,-0.0023
2014/8/14,0.0044,-0.0024,0.0002
2014/8/15,0,-0.0015,-0.0012
2014/8/18,0.0093,0.006,-0.0019
2014/8/19,0.0049,-0.0013,-0.0008
2014/8/20,0.0019,-0.0065,0.0028
2014/8/21,0.0028,-0.0014,0.008
2014/8/22,-0.001,0.0031,-0.0036
2014/8/25,0.005,-0.0023,0.0004
2014/8/26,0.0019,0.0071,-0.0033
2014/8/27,0,-0.0023,0.0014
2014/8/28,-0.0019,-0.0042,0.001
2014/8/29,0.0039,0.0028,0.0009
2014/9/2,0.0006,0.0047,-0.0009
2014/9/3,-0.0014,-0.0055,0.0023
2014/9/4,-0.0017,-0.0015,-0.0016
2014/9/5,0.0045,-0.0026,-0.0005
2014/9/8,-0.0022,0.0053,-0.0044
2014/9/9,-0.0072,-0.0042,0
2014/9/10,0.0045,0.0022,-0.0041
2014/9/11,0.0019,0.0048,0.002
2014/9/12,-0.0055,-0.0023,0.0011
2014/9/15,-0.0028,-0.0107,0.0064
2014/9/16,0.007,-0.004,-0.0011
2014/9/17,0.0017,0.0009,-0.0021
2014/9/18,0.005,0.0002,0
2014/9/19,-0.0018,-0.0096,0.0002
2014/9/22,-0.0097,-0.0056,0.0009
2014/9/23,-0.0062,-0.0031,-0.0004
2014/9/24,0.0081,0.001,-0.0093
2014/9/25,-0.0162,0.0008,0.0013
2014/9/26,0.0085,-0.0003,-0.0024
2014/9/29,-0.0022,0.0018,-0.0044
2014/9/30,-0.004,-0.01,0.0011
2014/10/1,-0.0139,-0.0014,0.003
2014/10/2,0.0015,0.0102,-0.0038
2014/10/3,0.0108,-0.0038,-0.0043
2014/10/6,-0.0026,-0.0078,0.0037
2014/10/7,-0.0156,-0.0012,0.0012
2014/10/8,0.017,0.0003,-0.0006
2014/10/9,-0.0217,-0.0041,-0.0042
2014/10/10,-0.013,-0.0015,0.0051
2014/10/13,-0.0159,0.0135,0.0049
2014/10/14,0.0028,0.0086,-0.0012
2014/10/15,-0.0053,0.0182,-0.0133
2014/10/16,0.0022,0.0107,0.0024
2014/10/17,0.0114,-0.0157,-0.0009
2014/10/20,0.0094,0.0021,-0.0033
2014/10/21,0.0198,-0.0043,0.0006
2014/10/22,-0.0085,-0.0056,0.0018
2014/10/23,0.0129,0.0052,-0.0044
2014/10/24,0.0066,-0.0046,-0.0012
2014/10/27,-0.0017,0.0012,-0.0031
2014/10/28,0.0137,0.0157,0.0002
2014/10/29,-0.0018,-0.0003,0.0041
2014/10/30,0.006,0.0028,-0.0051
2014/10/31,0.0123,0.0027,0.002
2014/11/3,-0.0001,-0.0026,-0.0008
2014/11/4,-0.0035,-0.0001,-0.002
2014/11/5,0.0048,-0.0055,0.0086
2014/11/6,0.0049,0.0009,-0.0047
2014/11/7,0.0009,0.0001,0.0046
2014/11/10,0.0033,0.0021,-0.0051
2014/11/11,0.001,0.0002,-0.0028
2014/11/12,0.0007,0.0077,-0.0029
2014/11/13,-0.0003,-0.0089,-0.0036
2014/11/14,0.0006,-0.0015,0.0016
2014/11/17,-0.0005,-0.0098,0.0026
2014/11/18,0.0051,0.0004,-0.0034
2014/11/19,-0.0021,-0.0094,-0.0002
2014/11/20,0.0031,0.0087,0.0003
2014/11/21,0.0048,-0.004,-0.0007
2014/11/24,0.004,0.0095,-0.0052
2014/11/25,-0.0009,0.0005,-0.0004
2014/11/26,0.003,0.001,-0.0048
2014/11/28,-0.0035,-0.0088,-0.0115
2014/12/1,-0.009,-0.0097,0.006
2014/12/2,0.0065,0.004,0.0008
2014/12/3,0.0046,0.0043,0.0031
2014/12/4,-0.0017,-0.0031,0.0007
2014/12/5,0.0025,0.0058,0.0024
2014/12/8,-0.0082,-0.0057,0.0022
2014/12/9,0.0013,0.017,-0.0011
2014/12/10,-0.0172,-0.0061,-0.0011
2014/12/11,0.005,-0.0008,-0.0018
2014/12/12,-0.0155,0.0049,-0.0056
2014/12/15,-0.0068,-0.0026,0.0008
2014/12/16,-0.008,0.006,0.0059
2014/12/17,0.0215,0.0085,-0.0009
2014/12/18,0.0236,-0.0088,-0.0017
2014/12/19,0.0043,-0.0024,0.0023
2014/12/22,0.0037,0.002,-0.001
2014/12/23,0.0021,-0.0029,0.0109
2014/12/24,0.0007,0.0036,-0.0018
2014/12/26,0.0039,0.0037,-0.0032
2014/12/29,0.0013,0.0016,0.0058
2014/12/30,-0.0048,0.0005,0.0034
2014/12/31,-0.0093,0.005,-0.004
2015/1/2,-0.0012,-0.006,0.0008
2015/1/5,-0.0184,0.0034,-0.0068
2015/1/6,-0.0104,-0.0078,-0.003
2015/1/7,0.0119,0.0018,-0.0064
2015/1/8,0.0181,-0.0012,-0.0028
2015/1/9,-0.0085,0.0001,-0.0048
2015/1/12,-0.0079,0.004,-0.0043
2015/1/13,-0.0019,0.0029,0
2015/1/14,-0.006,0.0029,-0.0051
2015/1/15,-0.0108,-0.0096,0.0058
2015/1/16,0.0136,0.0046,-0.0013
2015/1/20,0.0011,-0.0067,-0.0053
2015/1/21,0.0042,-0.0096,0.0057
2015/1/22,0.0158,0.0045,0.0042
2015/1/23,-0.0047,0.0052,-0.0078
2015/1/26,0.0043,0.0057,-0.0005
2015/1/27,-0.0121,0.0067,0.0022
2015/1/28,-0.0139,-0.0006,-0.0081
2015/1/29,0.0098,0.0025,0.0005
2015/1/30,-0.013,-0.0077,0.0006
2015/2/2,0.0125,-0.0047,0.01
2015/2/3,0.0149,0.0016,0.0047
2015/2/4,-0.0035,-0.0008,-0.0022
2015/2/5,0.011,0.0048,-0.001
2015/2/6,-0.002,0.0007,0.0038
2015/2/9,-0.0046,-0.0038,0.0011
2015/2/10,0.0105,-0.0031,-0.0069
2015/2/11,0.0003,-0.001,-0.0033
2015/2/12,0.01,0.0015,-0.0006
2015/2/13,0.0047,0.0018,-0.0029
2015/2/17,0.0017,-0.0002,-0.0004
2015/2/18,0.0003,0.003,-0.0081
2015/2/19,-0.0001,0.0027,-0.0038
2015/2/20,0.0061,-0.0041,-0.0028
2015/2/23,-0.0008,0.0004,-0.0037
2015/2/24,0.0032,-0.0005,0.007
2015/2/25,0.0002,0.0023,-0.0048
2015/2/26,-0.0008,0.0064,-0.005
2015/2/27,-0.0036,-0.0021,0.0021
2015/3/2,0.0062,0.0024,-0.0043
2015/3/3,-0.0043,-0.003,0.003
2015/3/4,-0.0041,0.0009,-0.0039
2015/3/5,0.0015,0.0025,-0.0041
2015/3/6,-0.0129,0.0027,0.0044
2015/3/9,0.0037,0.0008,-0.0001
2015/3/10,-0.0163,0.0043,-0.0049
2015/3/11,-0.0004,0.0055,0.0051
2015/3/12,0.0128,0.004,0.0048
2015/3/13,-0.0057,0.0021,-0.0005
2015/3/16,0.0123,-0.0078,-0.0039
2015/3/17,-0.002,0.0054,-0.0001
2015/3/18,0.0108,-0.0053,-0.0001
2015/3/19,-0.0036,0.0089,-0.0112
2015/3/20,0.0081,-0.0016,0.0055
2015/3/23,-0.0019,0.002,0.0021
2015/3/24,-0.0051,0.0059,-0.0025
2015/3/25,-0.0156,-0.01,0.0104
2015/3/26,-0.0022,0.0012,-0.0004
2015/3/27,0.0032,0.0049,-0.0071
2015/3/30,0.0124,0.0001,-0.0002
2015/3/31,-0.0075,0.0042,0.0037
2015/4/1,-0.0038,0.0033,0.0044
2015/4/2,0.0035,-0.0008,0.0029
2015/4/6,0.0061,-0.0027,-0.0011
2015/4/7,-0.0022,-0.0019,-0.0018
2015/4/8,0.0037,0.0055,-0.0072
2015/4/9,0.0041,-0.0071,-0.0006
2015/4/10,0.0049,-0.0007,-0.0029
2015/4/13,-0.0038,0.005,0.0025
2015/4/14,0.0011,-0.0021,0.0022
2015/4/15,0.0057,0.0023,0.0036
2015/4/16,-0.0008,-0.0009,-0.002
2015/4/17,-0.0123,-0.0046,0.0019
2015/4/20,0.0095,0.0017,-0.0028
2015/4/21,-0.001,0.0019,-0.0072
2015/4/22,0.0046,-0.0037,0.0016
2015/4/23,0.0029,0.0029,-0.0023
2015/4/24,0.0017,-0.005,-0.003
2015/4/27,-0.0054,-0.0071,0.0055
2015/4/28,0.0027,0.0019,0.0104
2015/4/29,-0.0038,-0.0074,0.0074
2015/4/30,-0.0111,-0.0107,0.0073
2015/5/1,0.0101,-0.0031,-0.0061
2015/5/4,0.0032,0.0004,0.0023
2015/5/5,-0.0119,-0.0016,0.0053
2015/5/6,-0.0031,0.0063,-0.0014
2015/5/7,0.0039,0.0007,-0.0037
2015/5/8,0.0121,-0.0056,-0.0009
2015/5/11,-0.0039,0.0068,-0.0003
2015/5/12,-0.0027,0,0.0013
2015/5/13,0.0001,0,0.0003
2015/5/14,0.0101,-0.001,-0.0035
2015/5/15,0.0005,-0.0024,-0.0022
2015/5/18,0.0044,0.0074,-0.0009
2015/5/19,-0.0009,-0.0011,0.0023
2015/5/20,-0.0005,0.0021,-0.0011
2015/5/21,0.0023,-0.003,0.0001
2015/5/22,-0.0022,-0.0012,-0.0011
2015/5/26,-0.0101,-0.0002,0
2015/5/27,0.0093,0.0033,-0.0032
2015/5/28,-0.0012,0.001,0.0014
2015/5/29,-0.0058,0,0.0005
2015/6/1,0.0017,-0.0004,-0.0022
2015/6/2,-0.0002,0.0032,0.0036
2015/6/3,0.0039,0.0087,-0.0024
2015/6/4,-0.0088,-0.001,0.0001
2015/6/5,0.0006,0.008,0.0011
2015/6/8,-0.0066,0.0005,0.0002
2015/6/9,0.0002,-0.003,0.0036
2015/6/10,0.012,0.0015,0.002
2015/6/11,0.0021,-0.0011,-0.001
2015/6/12,-0.0064,0.0032,0.0012
2015/6/15,-0.0045,0.0011,-0.0013
2015/6/16,0.0057,0.001,-0.0001
2015/6/17,0.0016,-0.0029,-0.0065
2015/6/18,0.0099,0.0023,-0.0044
2015/6/19,-0.0043,0.0056,-0.002
2015/6/22,0.0063,0.0009,-0.0004
2015/6/23,0.0012,0.0023,0.0029
2015/6/24,-0.0079,-0.0012,0.0012
2015/6/25,-0.0025,0.0037,-0.0021
2015/6/26,-0.0006,-0.0021,0.0042
2015/6/29,-0.0215,-0.0043,0.0018
2015/6/30,0.0034,0.003,-0.0066
2015/7/1,0.006,-0.0077,-0.0007
2015/7/2,-0.0011,-0.0057,-0.0007
2015/7/6,-0.0037,0.0019,-0.0058
2015/7/7,0.0053,-0.0043,-0.0026
2015/7/8,-0.0168,-0.0002,0.0008
2015/7/9,0.0029,0.0015,0
2015/7/10,0.0124,0.0023,-0.0053
2015/7/13,0.0114,-0.0007,-0.0043
2015/7/14,0.0047,0.0015,0.0014
2015/7/15,-0.0019,-0.0079,-0.0008
2015/7/16,0.0078,-0.0016,-0.0064
2015/7/17,0.0005,-0.006,-0.0068
2015/7/20,-0.0001,-0.0071,-0.006
2015/7/21,-0.0047,0.0002,0.003
2015/7/22,-0.0018,0.0019,0.0021
2015/7/23,-0.006,-0.0035,-0.0033
2015/7/24,-0.0108,-0.0061,0.0001
2015/7/27,-0.0074,-0.0025,0.0006
2015/7/28,0.0123,-0.0035,-0.0011
2015/7/29,0.0074,-0.0037,0.0054
2015/7/30,0.0012,0.0017,-0.0027
2015/7/31,-0.0015,0.0083,-0.0102
2015/8/3,-0.0035,-0.0032,-0.0022
2015/8/4,-0.0014,0.0009,-0.0018
2015/8/5,0.0036,-0.0002,-0.0035
2015/8/6,-0.0088,-0.0054,0.0198
2015/8/7,-0.0036,-0.0045,-0.0035
2015/8/10,0.0131,0.0014,0.0068
2015/8/11,-0.0098,-0.0009,0.0039
2015/8/12,0.0007,-0.0009,-0.003
2015/8/13,-0.0014,-0.0043,0.0003
2015/8/14,0.0043,0.0013,0.0043
2015/8/17,0.006,0.0045,-0.0088
2015/8/18,-0.0035,-0.0064,0.0038
2015/8/19,-0.0085,-0.0011,-0.0023
2015/8/20,-0.0224,-0.0029,0.0063
2015/8/21,-0.0295,0.0183,0.0013
2015/8/24,-0.039,0.0034,-0.0041
2015/8/25,-0.0117,0.0071,-0.0061
2015/8/26,0.0368,-0.0136,-0.0036
2015/8/27,0.024,-0.007,0.006
2015/8/28,0.0023,0.0098,0.001
2015/8/31,-0.0074,0.0077,0.0142
2015/9/1,-0.0291,0.0032,-0.0051
2015/9/2,0.0181,-0.0015,-0.0095
2015/9/3,0.0017,-0.0033,0.0073
2015/9/4,-0.0139,0.0091,-0.0057
2015/9/8,0.0252,-0.0036,-0.0056
2015/9/9,-0.0134,0.0016,0.0012
2015/9/10,0.0049,-0.0012,-0.0032
2015/9/11,0.0044,-0.002,-0.007
2015/9/14,-0.0041,0.0003,0.0001
2015/9/15,0.0122,-0.0019,0.0027
2015/9/16,0.0084,0.0001,0.0045
2015/9/17,-0.0017,0.0091,-0.0151
2015/9/18,-0.0162,0.0047,-0.0096
2015/9/21,0.0036,-0.0095,0.0122
2015/9/22,-0.0129,-0.0027,0.0014
2015/9/23,-0.0027,-0.0017,-0.0015
2015/9/24,-0.0036,0.0025,0.0055
2015/9/25,-0.0022,-0.0167,0.0185
2015/9/28,-0.0263,-0.0027,0.0111
2015/9/29,-0.0007,-0.0072,0.0068
2015/9/30,0.0188,-0.0042,-0.0051
2015/10/1,0.0013,-0.0046,-0.0004
2015/10/2,0.0149,0.0033,-0.0079
2015/10/5,0.0193,0.0061,0.0077
2015/10/6,-0.0043,-0.0023,0.0171
2015/10/7,0.0094,0.0069,-0.002
2015/10/8,0.0084,0.0024,0.0072
2015/10/9,0.0012,0.0022,-0.0108
2015/10/12,0.0006,-0.004,-0.0011
2015/10/13,-0.0074,-0.0073,0.0067
2015/10/14,-0.006,-0.0026,-0.0003
2015/10/15,0.0156,0.0065,-0.0013
2015/10/16,0.0036,-0.0049,-0.0034
2015/10/19,0,0.0017,-0.0068
2015/10/20,-0.0015,0.0001,0.0119
2015/10/21,-0.0074,-0.0086,-0.0023
2015/10/22,0.015,-0.0077,0.0033
2015/10/23,0.0109,-0.0002,-0.0054
2015/10/26,-0.002,-0.0035,-0.0072
2015/10/27,-0.0042,-0.0088,-0.009
2015/10/28,0.0143,0.014,0.0063
2015/10/29,-0.002,-0.0087,0.0007
2015/10/30,-0.0042,0.0022,-0.0054
2015/11/2,0.0125,0.0084,0
2015/11/3,0.0032,0.0045,0.0024
2015/11/4,-0.0026,0.0034,-0.0031
2015/11/5,-0.0008,0.0004,0.0043
2015/11/6,0.0014,0.0081,0.003
2015/11/9,-0.0095,-0.002,-0.0006
2015/11/10,0.0013,0,0.0023
2015/11/11,-0.0043,-0.0051,-0.002
2015/11/12,-0.0145,-0.005,-0.0046
2015/11/13,-0.0107,0.0031,0.0038
2015/11/16,0.0139,-0.0059,0.0049
2015/11/17,-0.0011,-0.0012,-0.0063
2015/11/18,0.0161,-0.0001,-0.0007
2015/11/19,-0.0013,-0.0024,-0.0017
2015/11/20,0.0035,0.0045,-0.0043
2015/11/23,-0.0001,0.0066,-0.0034
2015/11/24,0.0021,0.0069,0.0026
2015/11/25,0.0009,0.0088,-0.0054
2015/11/27,0.0009,0.0021,-0.0027
2015/11/30,-0.0047,0.0013,0.007
2015/12/1,0.0097,-0.0066,0.0022
2015/12/2,-0.0101,0.0025,-0.0068
2015/12/3,-0.015,-0.0022,0.0041
2015/12/4,0.0187,-0.0104,-0.005
2015/12/7,-0.0084,-0.0086,-0.0068
2015/12/8,-0.0059,0.0049,-0.0121
2015/12/9,-0.0083,-0.0034,0.0042
2015/12/10,0.003,0.001,-0.002
2015/12/11,-0.0203,-0.0021,-0.0005
2015/12/14,0.0029,-0.0104,-0.0018
2015/12/15,0.011,0.0003,0.008
2015/12/16,0.0147,0.0002,-0.0065
2015/12/17,-0.0146,0.0037,-0.0034
2015/12/18,-0.017,0.0074,-0.0035
2015/12/21,0.0074,-0.0018,-0.0005
2015/12/22,0.0089,-0.0005,0.0053
2015/12/23,0.013,0.0013,0.006
2015/12/24,-0.0011,0.003,-0.0003
2015/12/28,-0.0028,-0.0047,-0.0039
2015/12/29,0.0105,0.0009,-0.0028
2015/12/30,-0.0074,-0.0017,-0.0013
2015/12/31,-0.0092,-0.0025,0.0025
2016/1/4,-0.0159,-0.0083,0.0055
2016/1/5,0.0012,-0.0023,0.0003
2016/1/6,-0.0135,-0.0012,-0.0003
2016/1/7,-0.0244,-0.0029,0.0006
2016/1/8,-0.0111,-0.0048,-0.0004
2016/1/11,-0.0006,-0.0063,0.0033
2016/1/12,0.0072,-0.0039,-0.008
2016/1/13,-0.0267,-0.0071,0.008
2016/1/14,0.0165,-0.0002,-0.0037
2016/1/15,-0.0214,0.0042,-0.0019
2016/1/19,-0.002,-0.0134,-0.0008
2016/1/20,-0.0094,0.0186,-0.0123
2016/1/21,0.0045,-0.0049,0.0002
2016/1/22,0.0208,0.0023,-0.0022
2016/1/25,-0.0171,-0.0036,-0.0098
2016/1/26,0.0152,0.0038,0.0118
2016/1/27,-0.0111,-0.0055,0.017
2016/1/28,0.0049,-0.0048,0.0123
2016/1/29,0.0257,0.0046,0.0038
2016/2/1,-0.0004,-0.002,-0.0097
2016/2/2,-0.02,-0.0001,-0.0038
2016/2/3,0.0046,-0.003,0.0044
2016/2/4,0.0027,0.002,0.0034
2016/2/5,-0.0206,-0.011,0.0169
2016/2/8,-0.0151,-0.0003,0.0088
2016/2/9,-0.0009,-0.0047,-0.0031
2016/2/10,0.0001,-0.0007,-0.0052
2016/2/11,-0.0117,0.0052,-0.0152
2016/2/12,0.0198,-0.0055,0.011
2016/2/16,0.0178,0.0055,-0.0054
2016/2/17,0.0175,-0.0006,-0.0062
2016/2/18,-0.0051,0.0002,0.0019
2016/2/19,0.0006,0.0043,-0.006
2016/2/22,0.0143,-0.0027,0.0024
2016/2/23,-0.0122,0.0049,-0.0055
2016/2/24,0.0053,0.0068,-0.0029
2016/2/25,0.011,-0.0042,0.0023
2016/2/26,-0.0001,0.008,0.0032
2016/2/29,-0.0069,0.0066,0.0024
2016/3/1,0.0234,-0.0064,0.0034
2016/3/2,0.0054,0.0049,0.0072
2016/3/3,0.0051,0.0045,0.0065
2016/3/4,0.0037,0.0027,0.0029
2016/3/7,0.0021,0.0121,0.0053
2016/3/8,-0.0127,-0.0114,-0.0049
2016/3/9,0.005,0.0002,0.004
2016/3/10,-0.0011,-0.0082,0.0062
2016/3/11,0.0169,0.0025,0.0022
2016/3/14,-0.0013,-0.0006,-0.0091
2016/3/15,-0.0036,-0.0144,0.0065
2016/3/16,0.0063,0.001,-0.0006
2016/3/17,0.0072,0.0083,0.0057
2016/3/18,0.0054,0.0033,-0.0017
2016/3/21,0.001,-0.002,-0.0031
2016/3/22,-0.0005,-0.0001,-0.0044
2016/3/23,-0.0086,-0.0116,-0.0013
2016/3/24,0,0.0046,-0.0006
2016/3/28,0.0004,-0.0002,0.0013
2016/3/29,0.0107,0.0177,-0.0119
2016/3/30,0.0041,-0.0029,0.0017
2016/3/31,-0.0011,0.0045,-0.0048
2016/4/1,0.0064,-0.0025,-0.006
2016/4/4,-0.0041,-0.0024,-0.0075
2016/4/5,-0.0094,-0.0008,-0.0036
2016/4/6,0.0114,0.0017,-0.0078
2016/4/7,-0.0123,-0.0004,-0.0037
2016/4/8,0.0029,0.0001,0.0066
2016/4/11,-0.0028,-0.0011,0.0094
2016/4/12,0.0099,-0.0006,0.0087
2016/4/13,0.0123,0.0084,0.0035
2016/4/14,0.0003,-0.0028,0.0017
2016/4/15,-0.0004,0.0034,-0.0035
2016/4/18,0.0065,0.001,-0.0022
2016/4/19,0.0029,-0.0036,0.0147
2016/4/20,0.0015,-0.001,0.0055
2016/4/21,-0.0047,0.0011,-0.0057
2016/4/22,0.0012,0.0081,0.0053
2016/4/25,-0.0024,-0.0057,-0.0019
2016/4/26,0.0029,0.0065,0.0077
2016/4/27,0.0021,0.0009,0.0069
2016/4/28,-0.0096,-0.0015,0.0005
2016/4/29,-0.005,-0.0014,0.004
2016/5/2,0.0079,0,-0.0038
2016/5/3,-0.0105,-0.0065,-0.0047
2016/5/4,-0.0066,-0.0015,0.0003
2016/5/5,-0.0008,-0.005,0.0006
2016/5/6,0.0038,0.0005,0.0025
2016/5/9,0.0005,0.0038,-0.0147
2016/5/10,0.0126,-0.004,0.005
2016/5/11,-0.0089,-0.0037,0.0083
2016/5/12,-0.0011,-0.006,0.0014
2016/5/13,-0.0082,0.0038,-0.0066
2016/5/16,0.0099,0.0027,-0.0023
2016/5/17,-0.0095,-0.0078,0.0062
2016/5/18,0.001,0.0009,0.009
2016/5/19,-0.0033,-0.0032,-0.0029
2016/5/20,0.0075,0.009,-0.0027
2016/5/23,-0.0018,0.0026,-0.0032
2016/5/24,0.0143,0.0068,-0.0034
2016/5/25,0.0072,-0.0022,0.0058
2016/5/26,-0.0004,-0.0009,-0.0053
2016/5/27,0.0049,0.0033,-0.0017
2016/5/31,-0.0001,0.005,-0.0034
2016/6/1,0.002,0.0065,-0.0021
2016/6/2,0.0035,0.0031,-0.0055
2016/6/3,-0.0038,-0.0013,-0.0011
2016/6/6,0.006,0.0067,0.0034
2016/6/7,0.0012,0.0019,0.001
2016/6/8,0.0037,0.0043,-0.0008
2016/6/9,-0.0027,-0.0039,-0.0023
2016/6/10,-0.0105,-0.0035,-0.0016
2016/6/13,-0.0084,-0.0037,0.0011
2016/6/14,-0.0019,0.0028,-0.0072
2016/6/15,-0.0011,0.0025,-0.0005
2016/6/16,0.0024,-0.0034,-0.0042
2016/6/17,-0.003,-0.001,0.0092
2016/6/20,0.0071,0.0061,0
2016/6/21,0.0021,-0.0063,0.0052
2016/6/22,-0.002,-0.0032,0.0009
2016/6/23,0.0145,0.0049,0.0046
2016/6/24,-0.037,0.0017,-0.0119
2016/6/27,-0.0207,-0.0093,-0.0072
2016/6/28,0.0176,-0.004,0.0017
2016/6/29,0.018,0.0027,-0.0004
2016/6/30,0.0142,0.0035,0.0042
2016/7/1,0.0024,0.0054,-0.0041
2016/7/5,-0.0085,-0.0061,-0.0137
2016/7/6,0.0062,0.0017,-0.0014
2016/7/7,0.0002,0.0034,-0.0019
2016/7/8,0.016,0.0089,0.0033
2016/7/11,0.0043,0.0059,0.0026
2016/7/12,0.0075,0.0061,0.0098
2016/7/13,-0.0005,-0.0052,0.0049
2016/7/14,0.0051,-0.0046,0.0046
2016/7/15,-0.0005,0.003,0
2016/7/18,0.0025,-0.0002,-0.0013
2016/7/19,-0.0022,-0.0063,0.0006
2016/7/20,0.0048,0.0045,-0.009
2016/7/21,-0.0038,-0.0005,-0.0001
2016/7/22,0.0048,0.0025,-0.0014
2016/7/25,-0.0027,-0.0003,-0.0023
2016/7/26,0.0013,0.0057,0.0053
2016/7/27,-0.0014,0.0057,-0.0043
2016/7/28,0.0018,-0.0042,-0.0031
2016/7/29,0.0017,-0.0002,0.0005
2016/8/1,-0.0016,0.0018,-0.0088
2016/8/2,-0.007,-0.0058,0.0018
2016/8/3,0.0045,0.0047,0.0082
2016/8/4,0.0005,0.0009,-0.0035
2016/8/5,0.0093,0.0039,0.0098
2016/8/8,-0.0006,0.0002,0.0053
2016/8/9,0.0005,-0.0002,-0.003
2016/8/10,-0.0029,-0.0044,-0.0015
2016/8/11,0.0054,0.0014,0.0003
2016/8/12,-0.0006,0.0009,-0.0016
2016/8/15,0.0039,0.0073,0.0039
2016/8/16,-0.0057,-0.0026,0.0061
2016/8/17,0.0012,-0.0055,0.0024
2016/8/18,0.0032,0.0046,0.0034
2016/8/19,-0.0011,0.0012,-0.0015
2016/8/22,-0.0002,0.0025,-0.0041
2016/8/23,0.0027,0.0056,-0.0003
2016/8/24,-0.0056,-0.0047,0.0039
2016/8/25,-0.0008,0.0019,0.0048
2016/8/26,-0.0015,0.0013,-0.0009
2016/8/29,0.0053,-0.0007,0.0035
2016/8/30,-0.0014,0.001,0.0032
2016/8/31,-0.0024,-0.0038,0.0014
2016/9/1,0.0003,0.0013,-0.0048
2016/9/2,0.0053,0.004,0.0037
2016/9/6,0.0026,0.0008,-0.0053
2016/9/7,0.0009,0.0061,0.0005
2016/9/8,-0.0018,-0.0003,0.0058
2016/9/9,-0.0247,-0.0057,0.0041
2016/9/12,0.0144,0,-0.0048
2016/9/13,-0.0148,-0.0026,-0.0044
2016/9/14,-0.0008,0.0012,-0.0081
2016/9/15,0.0107,0.003,-0.0032
2016/9/16,-0.0036,0.0034,-0.0046
2016/9/19,0.0005,0.0041,0.0015
2016/9/20,-0.0002,-0.0022,-0.0043
2016/9/21,0.0112,0.0015,0.0032
2016/9/22,0.007,0.0085,-0.0007
2016/9/23,-0.006,-0.001,-0.0018
2016/9/26,-0.0088,-0.0021,-0.0035
2016/9/27,0.0064,-0.0008,-0.005
2016/9/28,0.0056,0.0022,0.011
2016/9/29,-0.0098,-0.0041,0.0053
2016/9/30,0.0088,0.0037,0.0036
2016/10/3,-0.0026,-0.0003,-0.0015
2016/10/4,-0.0046,0.0002,0.0013
2016/10/5,0.0058,0.0027,0.0079
2016/10/6,-0.0006,-0.0026,0.0033
2016/10/7,-0.0038,-0.0051,0.0019
2016/10/10,0.0052,0.0056,0.0002
2016/10/11,-0.013,-0.006,0.0045
2016/10/12,0.0006,-0.0023,0.0036
2016/10/13,-0.0042,-0.0067,-0.0061
2016/10/14,0.0001,-0.0038,0.0058
2016/10/17,-0.0029,-0.0005,0.0015
2016/10/18,0.006,-0.0017,0.0003
2016/10/19,0.0025,0.0004,0.0091
2016/10/20,-0.0016,-0.0002,-0.0012
2016/10/21,0.0002,-0.0015,-0.0031
2016/10/24,0.0054,0.0006,-0.0021
2016/10/25,-0.0046,-0.006,0.0025
2016/10/26,-0.0023,-0.0085,0.0071
2016/10/27,-0.0033,-0.0095,0.0057
2016/10/28,-0.0029,-0.0009,0.0008
2016/10/31,0.0002,0.0003,0.0009
2016/11/1,-0.0068,-0.0036,0.002
2016/11/2,-0.0073,-0.0065,0.0034
2016/11/3,-0.004,-0.0047,0.0104
2016/11/4,-0.0012,0.0085,-0.0047
2016/11/7,0.0223,0.0019,-0.0016
2016/11/8,0.004,-0.0008,-0.0022
2016/11/9,0.0146,0.0181,0.0105
2016/11/10,0.0032,0.0112,0.0185
2016/11/11,0.0018,0.0251,-0.0005
2016/11/14,0.0021,0.0058,0.0141
2016/11/15,0.008,-0.0055,0.0014
2016/11/16,-0.0012,0.003,-0.0058
2016/11/17,0.0056,0.0012,-0.0016
2016/11/18,-0.0016,0.0057,0.0038
2016/11/21,0.0077,-0.0025,0.0008
2016/11/22,0.0031,0.0055,0.0054
2016/11/23,0.0016,0.005,0.0018
2016/11/25,0.004,-0.0008,-0.0027
2016/11/28,-0.0064,-0.0074,0.0009
2016/11/29,0.0011,-0.0036,-0.0004
2016/11/30,-0.0025,-0.0038,0.0223
2016/12/1,-0.0036,-0.0068,0.0206
2016/12/2,0,0.0005,-0.0031
2016/12/5,0.0075,0.0107,0.0026
2016/12/6,0.0048,0.0064,0.0022
2016/12/7,0.0126,-0.0062,0.005
2016/12/8,0.0036,0.0115,0.0059
2016/12/9,0.0046,-0.0028,0.0015
2016/12/12,-0.003,-0.0093,-0.0012
2016/12/13,0.006,-0.0051,-0.0029
2016/12/14,-0.0082,-0.0037,-0.0028
2016/12/15,0.0046,0.0038,0.003
2016/12/16,-0.0022,0.0006,-0.0042
2016/12/19,0.0022,0.0032,0.0007
2016/12/20,0.0044,0.0043,0.0063
2016/12/21,-0.0024,-0.0037,0.0021
2016/12/22,-0.003,-0.0074,0.0026
2016/12/23,0.0019,0.0056,-0.005
2016/12/27,0.0027,0.0021,0.0012
2016/12/28,-0.0087,-0.0027,0.0009
2016/12/29,-0.0004,0.0014,-0.0033
2016/12/30,-0.0052,-0.0011,0.0022
2017/1/3,0.0083,-0.0013,0.001
2017/1/4,0.0079,0.0095,-0.0016
2017/1/5,-0.0021,-0.0087,-0.008
2017/1/6,0.0029,-0.0063,-0.0031
2017/1/9,-0.0037,-0.0028,-0.0103
2017/1/10,0.0016,0.0098,0.0055
2017/1/11,0.0031,-0.0031,0.0054
2017/1/12,-0.003,-0.0057,-0.0085
2017/1/13,0.0029,0.0063,-0.001
2017/1/17,-0.0049,-0.0085,-0.006
2017/1/18,0.0024,0.0018,0.0021
2017/1/19,-0.0038,-0.0049,-0.0003
2017/1/20,0.0033,0.0005,0.002
2017/1/23,-0.0029,-0.0005,-0.0032
2017/1/24,0.0083,0.0069,0.0077
2017/1/25,0.0084,0.0015,0.0039
2017/1/26,-0.001,-0.0062,0.0039
2017/1/27,-0.0012,0.0001,-0.0067
2017/1/30,-0.0068,-0.0071,-0.0044
2017/1/31,0,0.0089,-0.0057
2017/2/1,0.0004,-0.0006,0.0003
2017/2/2,-0.0002,-0.0026,-0.0028
2017/2/3,0.0082,0.0054,0.0068
2017/2/6,-0.0027,-0.0058,-0.0018
2017/2/7,-0.0001,-0.003,-0.0051
2017/2/8,0.0006,-0.0024,-0.0058
2017/2/9,0.0072,0.0071,0.0002
2017/2/10,0.0038,0.004,0.0012
2017/2/13,0.0049,-0.0032,0.0034
2017/2/14,0.0045,-0.0024,0.0035
2017/2/15,0.0054,0.0018,-0.0044
2017/2/16,-0.0016,-0.0022,-0.0003
2017/2/17,0.002,0,-0.0056
2017/2/21,0.006,-0.0003,0.0012
2017/2/22,-0.0015,-0.0038,0.001
2017/2/23,-0.0011,-0.0066,0.0026
2017/2/24,0.0015,0.0005,-0.0095
2017/2/27,0.0022,0.0082,-0.0034
2017/2/28,-0.0042,-0.0138,0.0017
2017/3/1,0.0147,0.0042,0.0073
2017/3/2,-0.007,-0.0053,-0.009
2017/3/3,0.0009,-0.0023,0.0014
2017/3/6,-0.0038,-0.0036,-0.0008
2017/3/7,-0.0036,-0.003,-0.0006
2017/3/8,-0.0019,-0.0011,-0.0084
2017/3/9,0.0004,-0.0046,-0.0026
2017/3/10,0.0034,0.0008,-0.005
2017/3/13,0.0013,0.0033,-0.0006
2017/3/14,-0.0036,-0.0023,0
2017/3/15,0.0086,0.0075,-0.0042
2017/3/16,-0.0006,0.0045,0.0024
2017/3/17,-0.0008,0.0062,-0.0029
2017/3/20,-0.0025,-0.0008,-0.0073
2017/3/21,-0.0148,-0.0133,-0.0068
2017/3/22,0.0016,-0.003,-0.0056
2017/3/23,-0.0003,0.0069,0.0048
2017/3/24,-0.0005,0.0013,-0.0023
2017/3/27,-0.0005,0.0056,-0.0049
2017/3/28,0.0072,-0.0016,0.0072
2017/3/29,0.0018,0.0039,-0.0006
2017/3/30,0.0036,0.0033,0.0092
2017/3/31,-0.0016,0.0058,-0.0032
2017/4/3,-0.0028,-0.011,-0.0011
2017/4/4,0.0005,-0.0023,0.0032
2017/4/5,-0.0044,-0.0079,-0.0031
2017/4/6,0.0032,0.0068,0.0048
2017/4/7,-0.0008,0.0013,-0.0026
2017/4/10,0.0008,0.0011,0.0007
2017/4/11,-0.0005,0.0081,0.0021
2017/4/12,-0.0049,-0.0083,-0.0053
2017/4/13,-0.0075,-0.0023,-0.0079
2017/4/17,0.0089,0.0023,0.0022
2017/4/18,-0.0025,0.0036,-0.0018
2017/4/19,-0.0008,0.0059,-0.0043
2017/4/20,0.0083,0.0051,0.0026
2017/4/21,-0.0028,0.0011,-0.0014
2017/4/24,0.0118,0.0018,0.0049
2017/4/25,0.0066,0.0036,-0.0005
2017/4/26,0.0004,0.0071,0.0031
2017/4/27,0.0005,-0.0014,-0.0096
2017/4/28,-0.003,-0.0068,-0.0061
2017/5/1,0.0021,0.0026,-0.0013
2017/5/2,0.0003,-0.0047,-0.0019
2017/5/3,-0.0019,-0.0055,0.0022
2017/5/4,0.0002,-0.0006,-0.0038
2017/5/5,0.0046,0.0006,0.0004
2017/5/8,-0.0004,-0.0025,0.0026
2017/5/9,-0.0005,0.005,-0.008
2017/5/10,0.0021,0.0019,0.0004
2017/5/11,-0.0026,-0.0036,-0.0015
2017/5/12,-0.0018,-0.0029,-0.0061
2017/5/15,0.0053,0.0026,0.0021
2017/5/16,-0.0003,0.0015,-0.0008
2017/5/17,-0.0197,-0.0087,-0.0052
2017/5/18,0.004,0.0003,-0.004
2017/5/19,0.007,-0.0038,0.0039
2017/5/22,0.0056,0.0027,-0.0027
2017/5/23,0.0018,-0.001,0.0062
2017/5/24,0.0024,-0.0014,-0.0048
2017/5/25,0.0042,-0.0029,-0.0074
2017/5/26,0.0006,-0.0002,0.0009
2017/5/30,-0.0019,-0.005,-0.0033
2017/5/31,-0.0002,0.0003,-0.0055
2017/6/1,0.0095,0.01,0.0004
2017/6/2,0.0035,0.0054,-0.0081
2017/6/5,-0.0017,-0.0046,-0.0001
2017/6/6,-0.0028,0.001,-0.0003
2017/6/7,0.0015,-0.0019,-0.0005
2017/6/8,0.0018,0.0115,0.0092
2017/6/9,-0.0012,0.0002,0.0246
2017/6/12,-0.0011,-0.0026,0.0034
2017/6/13,0.0055,0.0009,-0.0014
2017/6/14,-0.0017,-0.0048,-0.0052
2017/6/15,-0.003,-0.0024,-0.0011
2017/6/16,-0.0003,-0.0021,-0.0013
2017/6/19,0.0086,0.001,-0.0077
2017/6/20,-0.0073,-0.004,-0.0049
2017/6/21,-0.0007,-0.0006,-0.0169
2017/6/22,0.0002,0.0052,-0.0038
2017/6/23,0.0024,0.0083,-0.0049
2017/6/26,0.0004,-0.0005,0.007
2017/6/27,-0.0085,-0.004,0.0135
2017/6/28,0.0102,0.0074,0.0019
2017/6/29,-0.0083,-0.0011,0.0138
2017/6/30,0.0014,-0.0009,-0.0028
2017/7/3,0.0024,0.0035,0.0121
2017/7/5,0.0012,-0.0069,-0.0059
2017/7/6,-0.0095,-0.0051,0.0012
2017/7/7,0.007,0.0042,-0.0041
2017/7/10,0.0005,-0.0044,-0.0008
2017/7/11,0,0.0037,-0.0055
2017/7/12,0.0072,0.0012,-0.0054
2017/7/13,0.0017,-0.0008,0.0037
2017/7/14,0.0042,-0.0013,-0.0051
2017/7/17,0,0.0022,0.0011
2017/7/18,0.0004,-0.003,-0.0032
2017/7/19,0.0059,0.0052,0.0003
2017/7/20,-0.0001,0.0006,-0.0003
2017/7/21,-0.0008,-0.0041,-0.0023
2017/7/24,-0.0003,0.001,-0.0019
2017/7/25,0.0038,0.0035,0.0094
2017/7/26,-0.0006,-0.0034,-0.0076
2017/7/27,-0.0014,-0.0061,0.0041
2017/7/28,-0.0017,-0.0005,0.0024
2017/7/31,-0.0011,-0.0036,0.0044
2017/8/1,0.0024,-0.002,0.0011
2017/8/2,-0.0008,-0.0117,0.0014
2017/8/3,-0.0021,-0.0033,-0.0031
2017/8/4,0.0025,0.003,0.0036
2017/8/7,0.0016,-0.0009,-0.0059
2017/8/8,-0.0024,-0.0008,0.0024
2017/8/9,-0.0014,-0.0077,-0.001
2017/8/10,-0.0149,-0.003,0.0025
2017/8/11,0.002,0.0024,-0.0088
2017/8/14,0.0103,0.0026,0.001
2017/8/15,-0.0011,-0.0085,-0.0003
2017/8/16,0.0018,-0.0014,-0.0044
2017/8/17,-0.0159,-0.0015,-0.0016
2017/8/18,-0.0015,0.0014,0.0023
2017/8/21,0.0006,-0.0026,-0.0023
2017/8/22,0.0107,-0.0001,-0.0024
2017/8/23,-0.0032,0.001,0.0041
2017/8/24,-0.0014,0.006,0.0018
2017/8/25,0.0018,0.0013,0.0057
2017/8/28,0.0008,0.0036,-0.0071
2017/8/29,0.001,0.0013,-0.0038
2017/8/30,0.0053,0,-0.003
2017/8/31,0.0062,0.0048,-0.0044
2017/9/1,0.0027,0.0041,0.0041
2017/9/5,-0.0081,0.0011,-0.0096
2017/9/6,0.0028,-0.0003,0.0013
2017/9/7,-0.0007,0.0015,-0.0091
2017/9/8,-0.0016,0.0003,0.0037
2017/9/11,0.0108,-0.0012,0.0065
2017/9/12,0.0044,0.0024,0.0071
2017/9/13,0.0011,0.0031,0.0037
2017/9/14,-0.0012,-0.0004,-0.0007
2017/9/15,0.0019,0.0027,0.0013
2017/9/18,0.0024,0.0038,0.002
2017/9/19,0.0015,-0.003,0.0039
2017/9/20,0.0016,0.0023,0.0051
2017/9/21,-0.0028,0.0011,0.0036
2017/9/22,0.0012,0.0043,0.0012
2017/9/25,-0.0025,0.0032,0.0061
2017/9/26,0.0005,0.0039,0.0014
2017/9/27,0.0063,0.0137,0.002
2017/9/28,0.0013,0.0016,-0.0005
2017/9/29,0.0035,-0.0013,-0.0026
2017/10/2,0.005,0.0084,0.0014
2017/10/3,0.0026,-0.0003,-0.0003
2017/10/4,0.0005,-0.0028,-0.0045
2017/10/5,0.0055,-0.0033,0.0036
2017/10/6,-0.0008,-0.0008,-0.0026
2017/10/9,-0.0022,-0.0029,-0.0001
2017/10/10,0.0024,-0.0001,0.0042
2017/10/11,0.0016,-0.0019,-0.0021
2017/10/12,-0.0018,0.0005,-0.0051
2017/10/13,0.0004,-0.0025,0.0011
2017/10/16,0.0017,-0.003,0.0033
2017/10/17,0.0001,-0.0031,-0.0028
2017/10/18,0.0014,0.0029,0.0021
2017/10/19,0.0002,-0.0038,0.0018
2017/10/20,0.0057,-0.0008,0.0029
2017/10/23,-0.0045,-0.0044,0.0019
2017/10/24,0.002,-0.0019,0.0048
2017/10/25,-0.0051,0,0.0013
2017/10/26,0.002,0.0004,0.0026
2017/10/27,0.0082,-0.0001,-0.0097
2017/10/30,-0.0046,-0.0078,-0.0005
2017/10/31,0.0023,0.0084,-0.0025
2017/11/1,0.0005,-0.0077,0.0011
2017/11/2,0.0006,-0.0004,0.005
2017/11/3,0.0031,-0.0042,-0.0073
2017/11/6,0.0006,0.0023,0.0019
2017/11/7,-0.002,-0.0136,-0.004
2017/11/8,0.0012,0.0007,-0.0058
2017/11/9,-0.0041,-0.0001,0.0024
2017/11/10,0.0001,0.0006,-0.0042
2017/11/13,0.0009,-0.0032,0.0007
2017/11/14,-0.0022,-0.0013,0
2017/11/15,-0.0052,-0.0005,0.0022
2017/11/16,0.0101,0.0085,-0.0054
2017/11/17,-0.0014,0.0075,0.0029
2017/11/20,0.0021,0.0055,0.0002
2017/11/21,0.0068,0.0041,-0.0033
2017/11/22,-0.0005,0.0011,-0.0006
2017/11/24,0.0021,0.0002,-0.0044
2017/11/27,-0.0006,-0.0037,0.0001
2017/11/28,0.0106,0.0039,0.0087
2017/11/29,0.0002,0.0003,0.0146
2017/11/30,0.0082,-0.0056,-0.0053
2017/12/1,-0.0022,-0.0036,0.0039
2017/12/4,-0.001,-0.0035,0.0124
2017/12/5,-0.0043,-0.0044,-0.0022
2017/12/6,-0.0009,-0.0046,-0.0053
2017/12/7,0.0042,0.0026,-0.0018
2017/12/8,0.0051,-0.0045,-0.0012
2017/12/11,0.0026,-0.0041,-0.0017
2017/12/12,0.0007,-0.0055,0.0052
2017/12/13,0.0002,0.0072,-0.0088
2017/12/14,-0.0047,-0.0069,-0.002
2017/12/15,0.0092,0.0068,0.0004
2017/12/18,0.0067,0.0073,0.0026
2017/12/19,-0.003,-0.0037,-0.0025
2017/12/20,0.0001,0.0035,0.0007
2017/12/21,0.0024,0.0027,0.0064
2017/12/22,-0.0007,-0.0022,-0.0021
2017/12/26,-0.0007,0.0034,-0.0007
2017/12/27,0.0005,-0.0013,-0.002
2017/12/28,0.0022,0.0012,0.0004
2017/12/29,-0.0057,-0.003,0.0001
2018/1/2,0.0085,0.0034,-0.0023
2018/1/3,0.0059,-0.0039,-0.002
2018/1/4,0.0042,-0.0027,0.0025
2018/1/5,0.0066,-0.0035,-0.0026
2018/1/8,0.0019,-0.0016,0.0005
2018/1/9,0.0015,-0.0034,-0.0005
2018/1/10,-0.0007,0.0007,0.0059
2018/1/11,0.0087,0.0113,0.0031
2018/1/12,0.0066,-0.003,0.0016
2018/1/16,-0.0049,-0.0103,-0.0001
2018/1/17,0.0095,-0.0004,-0.0012
2018/1/18,-0.0018,-0.005,-0.0025
2018/1/19,0.0057,0.0094,-0.0005
2018/1/22,0.0077,-0.0033,-0.0016
2018/1/23,0.0022,0.0015,-0.0036
2018/1/24,-0.0013,-0.0081,0.0042
2018/1/25,0.0007,0.0018,-0.0048
2018/1/26,0.0111,-0.0063,-0.0055
2018/1/29,-0.0062,-0.0001,-0.0022
2018/1/30,-0.0106,0.0014,-0.0021
2018/1/31,-0.0007,-0.0075,0.001
2018/2/1,0.0003,0.0009,0.0055
2018/2/2,-0.0213,0.0005,-0.0029
2018/2/5,-0.0403,0.0078,-0.0056
2018/2/6,0.0167,-0.0052,-0.002
2018/2/7,-0.0037,0.0051,0.0022
2018/2/8,-0.0368,0.0083,0.005
2018/2/9,0.0136,-0.0061,0.0014
2018/2/12,0.0136,-0.0045,-0.0028
2018/2/13,0.0031,0.0006,-0.0025
2018/2/14,0.0152,0.0026,0.0048
2018/2/15,0.0121,-0.0013,-0.0065
2018/2/16,0.0003,0.0035,0.0016
2018/2/20,-0.0062,-0.0036,-0.0023
2018/2/21,-0.0043,0.0077,0.0021
2018/2/22,0.0001,0.0006,-0.0041
2018/2/23,0.0154,-0.0036,-0.0012
2018/2/26,0.0112,-0.0049,-0.0006
2018/2/27,-0.0125,-0.002,0.0003
2018/2/28,-0.011,-0.0041,-0.0029
2018/3/1,-0.0118,0.0101,-0.0001
2018/3/2,0.007,0.0116,-0.0048
2018/3/5,0.0106,-0.0038,0.0026
2018/3/6,0.0036,0.0067,0.0009
2018/3/7,0.0005,0.0079,-0.0042
2018/3/8,0.0037,-0.0048,-0.0035
2018/3/9,0.017,-0.0026,0.0028
2018/3/12,-0.0009,0.0046,-0.0007
2018/3/13,-0.0067,0.0009,0.0001
2018/3/14,-0.0053,0.0024,-0.0056
2018/3/15,-0.0018,-0.0041,0.0031
2018/3/16,0.0025,0.0047,0.0019
2018/3/19,-0.0138,0.0035,0.0042
2018/3/20,0.0015,-0.0007,-0.0036
2018/3/21,-0.0006,0.0075,0.0044
2018/3/22,-0.0254,0.0051,-0.0049
2018/3/23,-0.0209,0.0022,-0.0022
2018/3/26,0.0267,-0.007,0.0001
2018/3/27,-0.0187,-0.0023,0.0036
2018/3/28,-0.0035,0.0013,0.0066
2018/3/29,0.0141,-0.003,-0.002
2018/4/2,-0.0229,-0.0015,0.0038
2018/4/3,0.0124,-0.0005,0.0017
2018/4/4,0.0117,0.0032,-0.0031
2018/4/5,0.0075,0.0002,0.0047
2018/4/6,-0.0219,0.0041,-0.0005
2018/4/9,0.003,-0.0016,-0.005
2018/4/10,0.0177,0.0039,-0.0013
2018/4/11,-0.0049,0.0092,-0.0031
2018/4/12,0.0084,-0.0023,0.0019
2018/4/13,-0.0037,0.0003,-0.0026
2018/4/16,0.0082,0.0007,-0.0003
2018/4/17,0.0109,0.0017,-0.0118
2018/4/18,0.0013,0.0024,0.0004
2018/4/19,-0.0049,-0.0047,0.0107
2018/4/20,-0.0081,0.0006,0.0059
2018/4/23,-0.0005,-0.0007,0.0021
2018/4/24,-0.013,0.0052,0.01
2018/4/25,0.001,-0.0034,0.0004
2018/4/26,0.0096,-0.0039,-0.0087
2018/4/27,0.0001,-0.0026,0.0004
2018/4/30,-0.008,0.0005,-0.0009
2018/5/1,0.0024,0.0023,-0.0056
2018/5/2,-0.0063,0.0129,-0.0034
2018/5/3,-0.0025,-0.005,-0.0017
2018/5/4,0.013,0.0002,-0.0018
2018/5/7,0.0042,0.0041,-0.0035
2018/5/8,0.0007,0.0048,0.0026
2018/5/9,0.0089,-0.0019,0.0026
2018/5/10,0.0084,-0.0044,-0.0006
2018/5/11,0.0019,0.0012,-0.0037
2018/5/14,0.0005,-0.0035,0.0011
2018/5/15,-0.0055,0.0068,0.0041
2018/5/16,0.005,0.007,-0.0025
2018/5/17,0.0002,0.009,0.0029
2018/5/18,-0.0023,0.0058,-0.0061
2018/5/21,0.0072,-0.0021,0.0042
2018/5/22,-0.0042,-0.0077,0.0062
2018/5/23,0.0029,0.0005,-0.007
2018/5/24,-0.0016,0.0036,-0.0034
2018/5/25,-0.0021,0.0023,-0.0042
2018/5/29,-0.0103,0.0134,-0.0099
2018/5/30,0.0131,0.0005,0.0038
2018/5/31,-0.007,0.0007,-0.0041
2018/6/1,0.0106,-0.0023,-0.0011
2018/6/4,0.0048,0.0015,-0.0046
2018/6/5,0.0016,0.0083,-0.0043
2018/6/6,0.0086,-0.0035,0.0019
2018/6/7,-0.0014,-0.003,0.0091
2018/6/8,0.0031,0.0009,-0.0041
2018/6/11,0.0012,0.0018,-0.0017
2018/6/12,0.0023,0.0024,-0.0063
2018/6/13,-0.0033,0.001,-0.0018
2018/6/14,0.0027,0.0032,-0.0099
2018/6/15,-0.0008,0.0004,-0.0024
2018/6/18,-0.0009,0.0073,0.0008
2018/6/19,-0.0038,0.0056,-0.0015
2018/6/20,0.0023,0.0073,-0.0049
2018/6/21,-0.0073,-0.0062,0.0034
2018/6/22,0.0011,0.0002,0.0046
2018/6/25,-0.0148,-0.0055,0.0057
2018/6/26,0.0027,0.0063,-0.0024
2018/6/27,-0.0102,-0.0097,0.0037
2018/6/28,0.0058,-0.0017,-0.005
2018/6/29,0.0007,-0.002,-0.0024
2018/7/2,0.0036,0.0041,-0.0023
2018/7/3,-0.0044,0.008,0
2018/7/5,0.0087,0.0044,-0.0044
2018/7/6,0.0088,0.0005,-0.0031
2018/7/9,0.0093,-0.004,0.0084
2018/7/10,0.0021,-0.0078,-0.0015
2018/7/11,-0.0069,-0.0002,-0.0045
2018/7/12,0.0086,-0.0031,-0.0109
2018/7/13,0.0008,-0.0012,-0.0027
2018/7/16,-0.0016,-0.0078,0.0096
2018/7/17,0.0048,0.0025,-0.0075
2018/7/18,0.0027,-0.0028,0.0065
2018/7/19,-0.0034,0.0098,-0.0036
2018/7/20,-0.001,-0.0017,0.0012
2018/7/23,0.0015,-0.003,0.0053
2018/7/24,0.0022,-0.0136,0.0041
2018/7/25,0.0083,-0.0043,-0.0104
2018/7/26,-0.002,0.0065,0.0056
2018/7/27,-0.0082,-0.0137,0.0108
2018/7/30,-0.007,-0.0023,0.0158
2018/7/31,0.0051,0.0083,-0.0111
2018/8/1,-0.0013,0.0007,-0.002
2018/8/2,0.0067,0.0033,-0.0069
2018/8/3,0.0031,-0.0106,0.0053
2018/8/6,0.0046,0.0026,-0.0033
2018/8/7,0.0029,0.0001,-0.0016
2018/8/8,-0.0004,-0.0014,0.0028
2018/8/9,-0.0005,0.0037,-0.0037
2018/8/10,-0.006,0.0042,-0.002
2018/8/13,-0.0046,-0.0015,-0.0029
2018/8/14,0.0069,0.0029,0.0024
2018/8/15,-0.0091,-0.0054,-0.0013
2018/8/16,0.0086,-0.0007,0.0025
2018/8/17,0.003,0.0008,0.0002
2018/8/20,0.0025,0.0012,0.0014
2018/8/21,0.0033,0.0089,0.001
2018/8/22,0.0005,0.0037,-0.0035
2018/8/23,-0.0019,-0.0005,-0.0033
2018/8/24,0.0062,-0.0002,-0.0058
2018/8/27,0.0074,-0.0067,-0.0016
2018/8/28,-0.0001,-0.0012,-0.0024
2018/8/29,0.0056,-0.0004,-0.0057
2018/8/30,-0.0041,0.0029,-0.0041
2018/8/31,0.0008,0.0049,-0.0039
2018/9/4,-0.0011,-0.0037,-0.0001
2018/9/5,-0.0041,-0.0017,0.0066
2018/9/6,-0.0044,-0.0035,-0.0023
2018/9/7,-0.0018,0.001,-0.0024
2018/9/10,0.0023,0.0011,-0.0037
2018/9/11,0.0037,-0.0028,-0.0022
2018/9/12,0.0003,-0.0005,-0.0021
2018/9/13,0.0045,-0.0044,-0.0041
2018/9/14,0.0012,0.0026,0.0025
2018/9/17,-0.0071,-0.0045,0.0085
2018/9/18,0.0057,0.0005,-0.0049
2018/9/19,0.0006,-0.0066,0.0129
2018/9/20,0.0077,0.003,-0.0023
2018/9/21,-0.0013,-0.0042,0.0031
2018/9/24,-0.0031,0.0003,-0.0088
2018/9/25,-0.0005,0.0028,-0.0039
2018/9/26,-0.004,-0.0038,-0.0061
2018/9/27,0.0027,-0.0026,-0.0053
2018/9/28,-0.0003,0.0041,-0.002
2018/10/1,0.0016,-0.0161,0.0036
2018/10/2,-0.0021,-0.0098,0.0061
2018/10/3,0.002,0.0085,0.0049
2018/10/4,-0.0093,-0.0107,0.0158
2018/10/5,-0.0064,-0.0041,0.004
2018/10/8,-0.0017,-0.004,0.0121
2018/10/9,-0.0018,-0.0028,0.0027
2018/10/10,-0.0333,0.0029,0.011
2018/10/11,-0.0196,0.0044,-0.0092
2018/10/12,0.0138,-0.0087,-0.0171
2018/10/15,-0.0048,0.009,0.0053
2018/10/16,0.0224,0.0068,-0.0145
2018/10/17,-0.0008,-0.0067,0.0026
2018/10/18,-0.0154,-0.0054,0.0044
2018/10/19,-0.0025,-0.013,0.0073
2018/10/22,-0.0038,0.0047,-0.0123
2018/10/23,-0.0062,-0.001,-0.0043
2018/10/24,-0.0333,-0.0092,0.0078
2018/10/25,0.0193,0.004,-0.006
2018/10/26,-0.0165,0.0055,0.0036
2018/10/29,-0.0077,-0.0031,0.0162
2018/10/30,0.0166,0.0041,0.0005
2018/10/31,0.0122,-0.0068,-0.0075
2018/11/1,0.0129,0.0133,-0.0113
2018/11/2,-0.0053,0.0081,0.0067
2018/11/5,0.004,-0.0102,0.0156
2018/11/6,0.0058,-0.0015,0.0001
2018/11/7,0.0211,-0.0034,-0.0103
2018/11/8,-0.0028,-0.0022,0.0025
2018/11/9,-0.0104,-0.0085,0.0042
2018/11/12,-0.0206,0.0001,0.0086
2018/11/13,-0.0013,-0.0014,0.0015
2018/11/14,-0.0077,0.0002,-0.0026
2018/11/15,0.0118,0.0034,-0.0042
2018/11/16,0.0015,0.0001,-0.0006
2018/11/19,-0.0188,-0.0069,0.0235
2018/11/20,-0.0185,0.0012,-0.0054
2018/11/21,0.0051,0.0099,-0.0033
2018/11/23,-0.0055,0.0082,-0.006
2018/11/26,0.0162,-0.0067,-0.002
2018/11/27,0.0011,-0.0107,0.0027
2018/11/28,0.0242,0.0044,-0.0117
2018/11/29,-0.0022,-0.0011,-0.001
2018/11/30,0.0078,-0.0032,-0.0045
2018/12/3,0.0113,-0.0007,-0.0079
2018/12/4,-0.0345,-0.0096,-0.0018
2018/12/6,-0.0016,0.0012,-0.0104
2018/12/7,-0.0236,0.0019,0.0133
2018/12/10,0.001,-0.0015,-0.0165
2018/12/11,-0.0008,-0.0006,-0.0039
2018/12/12,0.0068,0.0055,-0.002
2018/12/13,-0.0026,-0.015,-0.0018
2018/12/14,-0.0189,-0.0007,0.0051
2018/12/17,-0.0213,-0.0029,0.0103
2018/12/18,-0.0003,0.0001,-0.0058
2018/12/19,-0.0158,-0.0061,0.0004
2018/12/20,-0.0162,-0.003,0.0097
2018/12/21,-0.0217,-0.0056,0.0078
2018/12/24,-0.0255,0.0099,-0.0046
2018/12/26,0.0506,-0.0004,-0.0101
2018/12/27,0.0078,-0.0065,-0.0014
2018/12/28,-0.0003,0.0076,0.0023
2018/12/31,0.009,-0.0009,-0.0046
2019/1/2,0.0023,0.0056,0.011
2019/1/3,-0.0245,0.004,0.0121
2019/1/4,0.0355,0.0041,-0.007
2019/1/7,0.0094,0.0097,-0.0077
2019/1/8,0.0101,0.0053,-0.0064
2019/1/9,0.0056,0.0045,0.0009
2019/1/10,0.0042,0.0003,-0.0044
2019/1/11,-0.0001,0.0013,0.0022
2019/1/14,-0.006,-0.006,0.0095
2019/1/15,0.0106,0.0001,-0.0087
2019/1/16,0.0028,0.0003,0.0092
2019/1/17,0.0075,0.0011,-0.0025
2019/1/18,0.0129,-0.0035,0.0012
2019/1/22,-0.0153,-0.004,0.0033
2019/1/23,0.0015,-0.0039,-0.0015
2019/1/24,0.0023,0.0043,-0.0002
2019/1/25,0.009,0.0045,-0.0034
2019/1/28,-0.008,-0.0017,0.0064
2019/1/29,-0.0019,-0.0002,0.0018
2019/1/30,0.0151,-0.0012,-0.0095
2019/1/31,0.0092,0.0014,-0.0107
2019/2/1,0.0014,-0.0015,0.004
2019/2/4,0.0072,0.0049,-0.0047
2019/2/5,0.0043,-0.0008,-0.0059
2019/2/6,-0.0022,-0.0002,0.0007
2019/2/7,-0.0093,-0.0012,0.0038
2019/2/8,0.0009,0.0005,-0.007
2019/2/11,0.0014,0.0065,0.0022
2019/2/12,0.0136,0.0002,-0.0019
2019/2/13,0.0028,0.0008,0.0006
2019/2/14,-0.0021,0.0053,-0.0057
2019/2/15,0.0113,0.0024,0.0047
2019/2/19,0.0019,0.0028,0.0029
2019/2/20,0.0019,0.0023,0.0055
2019/2/21,-0.0037,-0.0006,-0.0021
2019/2/22,0.0065,0.0056,-0.0146
2019/2/25,0.0015,-0.0024,-0.0018
2019/2/26,-0.0016,-0.0063,-0.003
2019/2/27,0.0009,0.002,-0.0011
2019/2/28,-0.0031,0.0002,-0.0024
2019/3/1,0.0072,0.0029,-0.0041
2019/3/4,-0.0052,-0.0042,0.0037
2019/3/5,-0.0017,-0.0031,-0.0023
2019/3/6,-0.0084,-0.0126,0.0007
2019/3/7,-0.0082,-0.0006,-0.0032
2019/3/8,-0.0022,0.0006,-0.0017
2019/3/11,0.0149,0.0035,-0.0054
2019/3/12,0.0025,-0.0027,-0.0009
2019/3/13,0.0068,-0.0032,0.0008
2019/3/14,-0.001,-0.004,0.003
2019/3/15,0.0048,-0.0027,-0.0027
2019/3/18,0.0046,0.0013,0.0043
2019/3/19,-0.0009,-0.0038,-0.0092
2019/3/20,-0.0039,0.0002,-0.0102
2019/3/21,0.0111,0.003,-0.0124
2019/3/22,-0.0217,-0.0151,-0.0006
2019/3/25,-0.0005,0.0066,-0.0027
2019/3/26,0.0076,0.0017,0.0045
2019/3/27,-0.005,0.0009,0.0049
2019/3/28,0.004,0.0035,0.0002
2019/3/29,0.0066,-0.0021,-0.0092
2019/4/1,0.0119,-0.0032,0.0097
2019/4/2,-0.0005,-0.0012,-0.0044
2019/4/3,0.0027,0.0021,-0.0039
2019/4/4,0.0019,0.002,0.0093
2019/4/5,0.0052,0.0052,-0.0008
2019/4/8,0.0008,-0.003,0.001
2019/4/9,-0.0065,-0.0057,-0.0013
2019/4/10,0.0048,0.0096,-0.0011
2019/4/11,0,-0.0032,0.0039
2019/4/12,0.0065,-0.0052,0.0064
2019/4/15,-0.0009,-0.0021,-0.0054
2019/4/16,0.0013,0.0012,0.0069
2019/4/17,-0.0032,-0.0071,0.008
2019/4/18,0.0011,-0.0024,-0.0049
2019/4/22,0.0011,-0.0045,-0.0054
2019/4/23,0.0097,0.0071,-0.0051
2019/4/24,-0.0023,0.0028,-0.0009
2019/4/25,-0.0014,-0.0075,-0.0019
2019/4/26,0.0053,0.0046,0.0002
2019/4/29,0.0018,0.001,0.0064
2019/4/30,-0.0004,-0.0069,0.0027
2019/5/1,-0.0083,-0.0011,-0.0002
2019/5/2,-0.0016,0.0046,-0.0029
2019/5/3,0.0113,0.0093,-0.0027
2019/5/6,-0.0039,0.006,-0.004
2019/5/7,-0.0169,-0.0029,0.0051
2019/5/8,-0.0022,-0.0015,-0.0029
2019/5/9,-0.0028,0.0008,0.0012
2019/5/10,0.0035,-0.0036,0.0007
2019/5/13,-0.0267,-0.0072,0.003
2019/5/14,0.0093,0.004,-0.0006
2019/5/15,0.0059,0.0005,-0.0095
2019/5/16,0.0091,-0.0038,-0.003
2019/5/17,-0.0073,-0.008,0.003
2019/5/20,-0.0065,-0.002,0.0074
2019/5/21,0.009,0.0041,-0.0034
2019/5/22,-0.004,-0.0049,-0.006
2019/5/23,-0.0137,-0.0069,-0.0026
2019/5/24,0.0023,0.005,0.003
2019/5/28,-0.0078,0.0028,-0.0062
2019/5/29,-0.0071,-0.0027,0.0042
2019/5/30,0.0014,-0.0027,-0.0077
2019/5/31,-0.0137,-0.0021,-0.0011
2019/6/3,-0.004,0.0033,0.0167
2019/6/4,0.0233,0.004,-0.0005
2019/6/5,0.007,-0.0098,-0.0096
2019/6/6,0.0055,-0.0103,0.0002
2019/6/7,0.0104,0.0003,-0.0122
2019/6/10,0.0053,-0.0005,0.0006
2019/6/11,-0.0012,-0.0025,0.0055
2019/6/12,-0.002,0.0041,-0.0099
2019/6/13,0.0052,0.0067,-0.0003
2019/6/14,-0.0027,-0.0075,0.0032
2019/6/17,0.0015,0.0063,-0.0114
2019/6/18,0.0104,0.0015,0.0032
2019/6/19,0.0032,0.0012,-0.0059
2019/6/20,0.0089,-0.0036,-0.0021
2019/6/21,-0.0021,-0.0048,-0.0001
2019/6/24,-0.0034,-0.0089,0.0008
2019/6/25,-0.0098,0.0035,0.0071
2019/6/26,-0.0006,-0.0008,0.0024
2019/6/27,0.006,0.0141,-0.0011
2019/6/28,0.0068,0.0063,0.0059
2019/7/1,0.0075,-0.0054,-0.0016
2019/7/2,0.0014,-0.008,-0.0078
2019/7/3,0.0078,-0.0006,-0.0031
2019/7/5,-0.001,0.0016,0.0089
2019/7/8,-0.0058,-0.0044,0.0005
2019/7/9,0.0018,-0.0016,-0.0045
2019/7/10,0.004,-0.0016,-0.0039
2019/7/11,0.0019,-0.008,0.0005
2019/7/12,0.0053,0.002,0.004
2019/7/15,-0.0004,-0.0038,-0.0101
2019/7/16,-0.0032,0.0034,0.0013
2019/7/17,-0.0064,-0.0015,-0.0065
2019/7/18,0.0035,-0.0032,0
2019/7/19,-0.0056,0.0015,0.0087
2019/7/22,0.0025,-0.0044,-0.0049
2019/7/23,0.0065,-0.0021,0.0079
2019/7/24,0.0066,0.0075,0.0083
2019/7/25,-0.0063,-0.0069,-0.0019
2019/7/26,0.0082,0.004,-0.002
2019/7/29,-0.0032,-0.0032,-0.0044
2019/7/30,-0.0017,0.0132,0.0084
2019/7/31,-0.0109,0.0012,0.006
2019/8/1,-0.0104,-0.0048,-0.0186
2019/8/2,-0.0087,-0.0032,0.0006
2019/8/5,-0.0307,-0.0003,0.0001
2019/8/6,0.0129,-0.0043,-0.0055
2019/8/7,0.0007,0.0009,-0.009
2019/8/8,0.0197,0.0009,-0.0033
2019/8/9,-0.0078,-0.0042,-0.0025
2019/8/12,-0.0132,0.0028,-0.0028
2019/8/13,0.0147,-0.0015,-0.0054
2019/8/14,-0.0295,0.0021,-0.005
2019/8/15,0.0016,-0.0062,-0.0053
2019/8/16,0.0155,0.0054,0.0061
2019/8/19,0.0114,0,0.0024
2019/8/20,-0.0075,0.003,-0.005
2019/8/21,0.0085,0.0007,-0.0034
2019/8/22,-0.001,-0.0055,0.0049
2019/8/23,-0.0266,-0.0056,-0.0018
2019/8/26,0.0108,-0.0002,-0.0019
2019/8/27,-0.0046,-0.0088,-0.0068
2019/8/28,0.0068,0.0048,0.0062
2019/8/29,0.0135,0.0032,0.0033
2019/8/30,0.0003,-0.0038,0.0025
2019/9/3,-0.0087,-0.0096,0.001
2019/9/4,0.0108,-0.0023,0.0042
2019/9/5,0.0142,0.004,0.0069
2019/9/6,-0.0002,-0.0037,0.0005
2019/9/9,0.0008,0.0072,0.0307
2019/9/10,0.0017,0.0102,0.012
2019/9/11,0.0088,0.0133,-0.0004
2019/9/12,0.0022,-0.003,-0.0017
2019/9/13,-0.0001,0,0.0075
2019/9/16,-0.0023,0.0093,0.005
2019/9/17,0.0017,-0.006,-0.0122
2019/9/18,-0.0005,-0.0074,0.0006
2019/9/19,-0.0005,-0.0043,-0.0045
2019/9/20,-0.0048,0.003,0.0016
2019/9/23,-0.0002,-0.0018,0.0051
2019/9/24,-0.0101,-0.0075,0.0002
2019/9/25,0.0069,0.0036,0.0053
2019/9/26,-0.0041,-0.0097,0.0012
2019/9/27,-0.0062,-0.0036,0.0088
2019/9/30,0.005,-0.0015,-0.0048
2019/10/1,-0.0131,-0.0047,-0.0061
2019/10/2,-0.0173,0.0087,-0.0035
2019/10/3,0.008,-0.002,-0.0091
2019/10/4,0.0139,-0.0049,-0.0009
2019/10/7,-0.0041,0.0016,-0.0002
2019/10/8,-0.0161,-0.0014,-0.0012
2019/10/9,0.0092,-0.0053,-0.0012
2019/10/10,0.0059,-0.004,0.0027
2019/10/11,0.0123,0.0049,0.0019
2019/10/14,-0.0018,-0.0033,-0.0006
2019/10/15,0.0103,0.0026,-0.0023
2019/10/16,-0.0024,0.0039,0.0023
2019/10/17,0.0037,0.0081,-0.0028
2019/10/18,-0.0049,-0.0038,0.009
2019/10/21,0.0071,0.0018,0.0033
2019/10/22,-0.0034,0.0021,0.0088
2019/10/23,0.0025,-0.0009,0.0025
2019/10/24,0.0026,-0.0026,-0.0091
2019/10/25,0.005,0.0028,0.0008
2019/10/28,0.0062,0.0027,-0.0025
2019/10/29,-0.0013,0.0028,0.0046
2019/10/30,0.0027,-0.0039,-0.0117
2019/10/31,-0.0038,-0.0027,-0.0031
2019/11/1,0.0108,0.0045,0.0079
2019/11/4,0.004,0.0005,0.0139
2019/11/5,-0.0003,0.0024,0.0049
2019/11/6,-0.0005,-0.007,0.0018
2019/11/7,0.0038,-0.0012,0.0053
2019/11/8,0.0031,0.001,-0.0038
2019/11/11,-0.0019,-0.0001,-0.0021
2019/11/12,0.0016,-0.0011,-0.0014
2019/11/13,0.0001,-0.0022,-0.0082
2019/11/14,0.0007,-0.0012,-0.0026
2019/11/15,0.0074,-0.0021,-0.0035
2019/11/18,0.0002,-0.0036,-0.0051
2019/11/19,0.0002,0.0059,-0.0096
2019/11/20,-0.0033,0.0002,-0.0045
2019/11/21,-0.0014,-0.0032,0.0012
2019/11/22,0.0024,0.0005,0.0024
2019/11/25,0.0092,0.0131,-0.004
2019/11/26,0.0019,0.0005,-0.0089
2019/11/27,0.0044,0.0023,-0.0005
2019/11/29,-0.0042,-0.0004,-0.0033
2019/12/2,-0.0087,-0.0025,0.0052
2019/12/3,-0.0066,0.006,-0.0083
2019/12/4,0.006,0.0011,0.0025
2019/12/5,0.0013,-0.0024,0.0048
2019/12/6,0.0091,0.0024,0.004
2019/12/9,-0.0033,0.0036,0.0012
2019/12/10,-0.0008,0.0029,-0.0011
2019/12/11,0.0028,-0.0008,0.001
2019/12/12,0.009,-0.0011,0.0116
2019/12/13,-0.0003,-0.003,-0.0054
2019/12/16,0.0074,0.0007,-0.0004
2019/12/17,0.001,0.0042,0.0068
2019/12/18,-0.0005,0.0018,0.001
2019/12/19,0.0043,-0.0001,-0.0043
2019/12/20,0.0048,-0.003,-0.0028
2019/12/23,0.001,0.002,-0.0031
2019/12/24,0.0001,0.0037,-0.0002
2019/12/26,0.0048,-0.0053,-0.0002
2019/12/27,-0.001,-0.0053,-0.0007
2019/12/30,-0.0057,0.0017,0.0059
2019/12/31,0.0028,-0.0001,0.0011
,,,
,,,
,,,
,,,
,,,
,,,
,,,
,,,
,,,
,,,
,,,
,,,
,,,
,,,
,,,
,,,
,,,
,,,
,,,
,,,
,,,
,,,
,,,
,,,
,,,
,,,
,,,
,,,
,,,
,,,
,,,
,,,
,,,
,,,
,,,
,,,
,,,
,,,
,,,
,,,
,,,
,,,
,,,
,,,
,,,
,,,
,,,
,,,
,,,
,,,
,,,
,,,
,,,
,,,
,,,
,,,
,,,
,,,
,,,
,,,
,,,
,,,
,,,
,,,
,,,
,,,
,,,
,,,
,,,
,,,
,,,
,,,
,,,
,,,
,,,
,,,
,,,
,,,
,,,
,,,
,,,
,,,
,,,
,,,
,,,
,,,
,,,
,,,
,,,
,,,
,,,
,,,
,,,
,,,
,,,
,,,
,,,
,,,
,,,
,,,
,,,
,,,
,,,
,,,
,,,
,,,
,,,
,,,
,,,
,,,
,,,
,,,
,,,
,,,
,,,
,,,
,,,
,,,
,,,
,,,
,,,
,,,
,,,
,,,
,,,
,,,
,,,
,,,
,,,
,,,
,,,
,,,
,,,
,,,
,,,
,,,
,,,
,,,
,,,
,,,
,,,
,,,
,,,
,,,
,,,
,,,
,,,
,,,
,,,
,,,
,,,
,,,
,,,
,,,
,,,
,,,
,,,
,,,
,,,
,,,
,,,
,,,
,,,
,,,
,,,
,,,
,,,
,,,
,,,
,,,
,,,
,,,
,,,
,,,
,,,
,,,
,,,
,,,
,,,
,,,
,,,
,,,
,,,
,,,
,,,
,,,
,,,
,,,
,,,
,,,
,,,
,,,
,,,
,,,
,,,
,,,
,,,
,,,
,,,
,,,
,,,
,,,
,,,
,,,
,,,
,,,
,,,
,,,
,,,
,,,
,,,
,,,
,,,
,,,
,,,
,,,
,,,
,,,
,,,
,,,
,,,
,,,
,,,
,,,
,,,
,,,
,,,
,,,
,,,
,,,
,,,
,,,
,,,
,,,
,,,
,,,
,,,
,,,
,,,
,,,
,,,
,,,
,,,
,,,
,,,
,,,
,,,
,,,
,,,
,,,
,,,
,,,
,,,